Clocks,Locations,Transitions,Time(s)
1,1,1,0.000125
1,1,2,0.000123
1,1,3,0.00029
1,1,4,0.000166
1,1,5,0.000189
1,1,6,0.000222
1,1,7,0.000247
1,1,8,0.000269
1,1,9,0.000303
1,1,10,0.000324
1,1,11,0.000347
1,1,12,0.000365
1,1,13,0.000474
1,1,14,0.000431
1,1,15,0.000462
1,2,1,7.8e-05
1,2,2,7.8e-05
1,2,3,0.000104
1,2,4,0.000105
1,2,5,0.000136
1,2,6,0.000136
1,2,7,0.000162
1,2,8,0.000373
1,2,9,0.000197
1,2,10,0.000194
1,2,11,0.000228
1,2,12,0.000229
1,2,13,0.000249
1,2,14,0.00025
1,2,15,0.00041
1,3,1,8.1e-05
1,3,2,7.8e-05
1,3,3,7.9e-05
1,3,4,0.000106
1,3,5,0.000107
1,3,6,0.00011
1,3,7,0.000139
1,3,8,0.000139
1,3,9,0.000141
1,3,10,0.000169
1,3,11,0.000364
1,3,12,0.000247
1,3,13,0.000212
1,3,14,0.00034
1,3,15,0.000242
1,4,1,8.3e-05
1,4,2,8.3e-05
1,4,3,8.4e-05
1,4,4,0.000135
1,4,5,0.000132
1,4,6,0.000134
1,4,7,0.000595
1,4,8,0.000144
1,4,9,0.000322
1,4,10,0.000257
1,4,11,0.000146
1,4,12,0.000153
1,4,13,0.000352
1,4,14,0.000307
1,4,15,0.000173
1,5,1,0.000109
1,5,2,0.000378
1,5,3,0.000159
1,5,4,8.8e-05
1,5,5,0.000198
1,5,6,0.000235
1,5,7,0.000103
1,5,8,0.000114
1,5,9,0.001037
1,5,10,0.00017
1,5,11,0.000155
1,5,12,0.000132
1,5,13,0.00013
1,5,14,0.000142
1,5,15,0.000147
1,6,1,7.9e-05
1,6,2,8e-05
1,6,3,0.000286
1,6,4,0.000113
1,6,5,0.000652
1,6,6,0.000235
1,6,7,0.00074
1,6,8,0.000804
1,6,9,0.000487
1,6,10,9.9e-05
1,6,11,9.9e-05
1,6,12,9.7e-05
1,6,13,0.000137
1,6,14,0.000538
1,6,15,0.001516
1,7,1,9.9e-05
1,7,2,0.000162
1,7,3,0.000376
1,7,4,0.000147
1,7,5,0.000131
1,7,6,6.8e-05
1,7,7,7e-05
1,7,8,0.000147
1,7,9,9.1e-05
1,7,10,0.000124
1,7,11,0.000168
1,7,12,9.1e-05
1,7,13,0.0001
1,7,14,0.000102
1,7,15,0.000118
1,8,1,7.3e-05
1,8,2,6.3e-05
1,8,3,7.7e-05
1,8,4,0.000141
1,8,5,6.5e-05
1,8,6,0.000236
1,8,7,6.6e-05
1,8,8,6.7e-05
1,8,9,0.000605
1,8,10,0.000131
1,8,11,9e-05
1,8,12,8.8e-05
1,8,13,8.8e-05
1,8,14,8.9e-05
1,8,15,9e-05
1,9,1,5.9e-05
1,9,2,6e-05
1,9,3,6.1e-05
1,9,4,6.4e-05
1,9,5,6.3e-05
1,9,6,6.3e-05
1,9,7,6.9e-05
1,9,8,7.4e-05
1,9,9,6.6e-05
1,9,10,8.7e-05
1,9,11,8.7e-05
1,9,12,8.8e-05
1,9,13,8.9e-05
1,9,14,9e-05
1,9,15,9e-05
1,10,1,5.9e-05
1,10,2,6e-05
1,10,3,6e-05
1,10,4,6.1e-05
1,10,5,7e-05
1,10,6,6.4e-05
1,10,7,6.4e-05
1,10,8,6.5e-05
1,10,9,6.5e-05
1,10,10,6.7e-05
1,10,11,8.8e-05
1,10,12,8.8e-05
1,10,13,8.9e-05
1,10,14,0.000267
1,10,15,9e-05
1,11,1,6.6e-05
1,11,2,6.1e-05
1,11,3,6.1e-05
1,11,4,6.2e-05
1,11,5,6.3e-05
1,11,6,6.2e-05
1,11,7,6.4e-05
1,11,8,6.5e-05
1,11,9,6.6e-05
1,11,10,6.5e-05
1,11,11,6.7e-05
1,11,12,8.9e-05
1,11,13,0.000724
1,11,14,0.000452
1,11,15,0.000121
1,12,1,9.6e-05
1,12,2,6.7e-05
1,12,3,6.1e-05
1,12,4,6.5e-05
1,12,5,6.3e-05
1,12,6,6.3e-05
1,12,7,6.3e-05
1,12,8,6.4e-05
1,12,9,0.000102
1,12,10,6.7e-05
1,12,11,6.7e-05
1,12,12,0.000169
1,12,13,9.9e-05
1,12,14,9.1e-05
1,12,15,9e-05
1,13,1,7.6e-05
1,13,2,6e-05
1,13,3,6.1e-05
1,13,4,6.1e-05
1,13,5,6.3e-05
1,13,6,6.4e-05
1,13,7,6.4e-05
1,13,8,6.8e-05
1,13,9,7.3e-05
1,13,10,6.6e-05
1,13,11,6.7e-05
1,13,12,6.7e-05
1,13,13,6.8e-05
1,13,14,9e-05
1,13,15,9e-05
1,14,1,5.8e-05
1,14,2,5.9e-05
1,14,3,6e-05
1,14,4,6.1e-05
1,14,5,6.2e-05
1,14,6,6.3e-05
1,14,7,6.4e-05
1,14,8,6.4e-05
1,14,9,6.5e-05
1,14,10,6.5e-05
1,14,11,6.7e-05
1,14,12,6.7e-05
1,14,13,6.8e-05
1,14,14,6.9e-05
1,14,15,9e-05
1,15,1,5.9e-05
1,15,2,5.9e-05
1,15,3,5.9e-05
1,15,4,6.2e-05
1,15,5,6.1e-05
1,15,6,6.2e-05
1,15,7,6.3e-05
1,15,8,6.4e-05
1,15,9,6.5e-05
1,15,10,6.6e-05
1,15,11,7.2e-05
1,15,12,6.9e-05
1,15,13,7.5e-05
1,15,14,7e-05
1,15,15,7e-05
2,1,1,7.7e-05
2,1,2,0.000103
2,1,3,0.000131
2,1,4,0.000157
2,1,5,0.000187
2,1,6,0.000215
2,1,7,0.000246
2,1,8,0.000267
2,1,9,0.000299
2,1,10,0.000321
2,1,11,0.000347
2,1,12,0.000366
2,1,13,0.000423
2,1,14,0.000429
2,1,15,0.000452
2,2,1,7.6e-05
2,2,2,7.7e-05
2,2,3,0.000102
2,2,4,0.000104
2,2,5,0.000136
2,2,6,0.000134
2,2,7,0.000159
2,2,8,0.000159
2,2,9,0.000189
2,2,10,0.000189
2,2,11,0.00022
2,2,12,0.000221
2,2,13,0.000244
2,2,14,0.000532
2,2,15,0.000282
2,3,1,0.000119
2,3,2,7.8e-05
2,3,3,8.3e-05
2,3,4,0.000106
2,3,5,0.000105
2,3,6,0.000105
2,3,7,0.000136
2,3,8,0.000135
2,3,9,0.000136
2,3,10,0.000163
2,3,11,0.000163
2,3,12,0.000163
2,3,13,0.000191
2,3,14,0.000193
2,3,15,0.000194
2,4,1,7.7e-05
2,4,2,7.6e-05
2,4,3,7.7e-05
2,4,4,7.8e-05
2,4,5,0.000105
2,4,6,0.000105
2,4,7,0.000106
2,4,8,0.000107
2,4,9,0.000136
2,4,10,0.000137
2,4,11,0.000138
2,4,12,0.000138
2,4,13,0.000165
2,4,14,0.000164
2,4,15,0.000166
2,5,1,7.6e-05
2,5,2,7.6e-05
2,5,3,7.7e-05
2,5,4,7.7e-05
2,5,5,7.9e-05
2,5,6,0.000105
2,5,7,0.000106
2,5,8,0.000107
2,5,9,0.000108
2,5,10,0.000108
2,5,11,0.000138
2,5,12,0.000139
2,5,13,0.000138
2,5,14,0.00014
2,5,15,0.00014
2,6,1,7.6e-05
2,6,2,7.7e-05
2,6,3,7.8e-05
2,6,4,7.7e-05
2,6,5,7.9e-05
2,6,6,7.9e-05
2,6,7,0.000106
2,6,8,0.000108
2,6,9,0.000107
2,6,10,0.000109
2,6,11,0.000109
2,6,12,0.000108
2,6,13,0.000137
2,6,14,0.000137
2,6,15,0.000138
2,7,1,7.4e-05
2,7,2,7.4e-05
2,7,3,7.5e-05
2,7,4,0.000103
2,7,5,7.8e-05
2,7,6,7.9e-05
2,7,7,8e-05
2,7,8,0.000112
2,7,9,0.000107
2,7,10,0.000108
2,7,11,0.000109
2,7,12,0.000118
2,7,13,0.000115
2,7,14,0.000112
2,7,15,0.000369
2,8,1,7.5e-05
2,8,2,7.7e-05
2,8,3,7.7e-05
2,8,4,7.8e-05
2,8,5,7.9e-05
2,8,6,7.9e-05
2,8,7,9.8e-05
2,8,8,8.9e-05
2,8,9,0.000108
2,8,10,0.000128
2,8,11,0.000129
2,8,12,0.000111
2,8,13,0.000112
2,8,14,0.000113
2,8,15,0.000112
2,9,1,7.5e-05
2,9,2,7.6e-05
2,9,3,7.7e-05
2,9,4,7.8e-05
2,9,5,7.9e-05
2,9,6,7.9e-05
2,9,7,8e-05
2,9,8,8e-05
2,9,9,8.1e-05
2,9,10,0.000109
2,9,11,0.000109
2,9,12,0.000107
2,9,13,0.000111
2,9,14,0.000112
2,9,15,0.000112
2,10,1,7.5e-05
2,10,2,7.6e-05
2,10,3,7.7e-05
2,10,4,7.7e-05
2,10,5,7.9e-05
2,10,6,7.9e-05
2,10,7,8e-05
2,10,8,8e-05
2,10,9,8.1e-05
2,10,10,8.3e-05
2,10,11,0.00011
2,10,12,0.00011
2,10,13,0.000112
2,10,14,0.000111
2,10,15,0.000112
2,11,1,7.5e-05
2,11,2,7.5e-05
2,11,3,7.7e-05
2,11,4,7.7e-05
2,11,5,7.8e-05
2,11,6,8e-05
2,11,7,8e-05
2,11,8,8e-05
2,11,9,8.1e-05
2,11,10,8.2e-05
2,11,11,8.3e-05
2,11,12,0.00011
2,11,13,0.000111
2,11,14,0.000112
2,11,15,0.000112
2,12,1,7.5e-05
2,12,2,7.6e-05
2,12,3,7.7e-05
2,12,4,7.7e-05
2,12,5,7.9e-05
2,12,6,7.9e-05
2,12,7,8.1e-05
2,12,8,8.1e-05
2,12,9,8.1e-05
2,12,10,8.2e-05
2,12,11,8.3e-05
2,12,12,8.4e-05
2,12,13,0.000112
2,12,14,0.000112
2,12,15,0.000112
2,13,1,7.5e-05
2,13,2,7.6e-05
2,13,3,7.7e-05
2,13,4,7.7e-05
2,13,5,7.9e-05
2,13,6,0.000111
2,13,7,8.1e-05
2,13,8,8.1e-05
2,13,9,8.2e-05
2,13,10,8.2e-05
2,13,11,8.1e-05
2,13,12,8.3e-05
2,13,13,8.5e-05
2,13,14,0.000112
2,13,15,0.000113
2,14,1,7.5e-05
2,14,2,7.7e-05
2,14,3,7.7e-05
2,14,4,7.7e-05
2,14,5,7.9e-05
2,14,6,7.9e-05
2,14,7,8.1e-05
2,14,8,8.1e-05
2,14,9,8.2e-05
2,14,10,9.3e-05
2,14,11,0.000115
2,14,12,0.000113
2,14,13,0.000114
2,14,14,0.000118
2,14,15,0.000113
2,15,1,7.5e-05
2,15,2,7.6e-05
2,15,3,7.7e-05
2,15,4,7.7e-05
2,15,5,7.8e-05
2,15,6,7.9e-05
2,15,7,8e-05
2,15,8,7.8e-05
2,15,9,7.9e-05
2,15,10,8.1e-05
2,15,11,8.2e-05
2,15,12,8.3e-05
2,15,13,8.2e-05
2,15,14,8.3e-05
2,15,15,8.4e-05
3,1,1,8.8e-05
3,1,2,0.000123
3,1,3,0.000158
3,1,4,0.000192
3,1,5,0.000224
3,1,6,0.000266
3,1,7,0.000288
3,1,8,0.000324
3,1,9,0.000362
3,1,10,0.000401
3,1,11,0.000414
3,1,12,0.000443
3,1,13,0.000497
3,1,14,0.000508
3,1,15,0.000538
3,2,1,9.4e-05
3,2,2,9.2e-05
3,2,3,0.000123
3,2,4,0.000125
3,2,5,0.000158
3,2,6,0.000159
3,2,7,0.000192
3,2,8,0.000193
3,2,9,0.000227
3,2,10,0.000226
3,2,11,0.000264
3,2,12,0.000264
3,2,13,0.000293
3,2,14,0.000292
3,2,15,0.000325
3,3,1,9.2e-05
3,3,2,9.1e-05
3,3,3,9.2e-05
3,3,4,0.000124
3,3,5,0.000125
3,3,6,0.000126
3,3,7,0.000161
3,3,8,0.000161
3,3,9,0.000163
3,3,10,0.000196
3,3,11,0.000193
3,3,12,0.00019
3,3,13,0.000224
3,3,14,0.000228
3,3,15,0.000232
3,4,1,9.1e-05
3,4,2,9.1e-05
3,4,3,9.1e-05
3,4,4,0.000107
3,4,5,0.000128
3,4,6,0.000127
3,4,7,0.000128
3,4,8,0.000128
3,4,9,0.000164
3,4,10,0.000164
3,4,11,0.000164
3,4,12,0.000164
3,4,13,0.000216
3,4,14,0.000202
3,4,15,0.000199
3,5,1,9.1e-05
3,5,2,9.1e-05
3,5,3,9.3e-05
3,5,4,9.2e-05
3,5,5,9.4e-05
3,5,6,0.000126
3,5,7,0.000127
3,5,8,0.000126
3,5,9,0.000128
3,5,10,0.000128
3,5,11,0.000164
3,5,12,0.000163
3,5,13,0.000166
3,5,14,0.000166
3,5,15,0.000166
3,6,1,9e-05
3,6,2,9e-05
3,6,3,9.1e-05
3,6,4,9.2e-05
3,6,5,9.3e-05
3,6,6,9.5e-05
3,6,7,0.000127
3,6,8,0.000127
3,6,9,0.000128
3,6,10,0.000129
3,6,11,0.00013
3,6,12,0.000131
3,6,13,0.000165
3,6,14,0.000165
3,6,15,0.000167
3,7,1,9e-05
3,7,2,9.1e-05
3,7,3,9.2e-05
3,7,4,9.2e-05
3,7,5,9.3e-05
3,7,6,9.4e-05
3,7,7,9.4e-05
3,7,8,0.000126
3,7,9,0.000128
3,7,10,0.000128
3,7,11,0.000129
3,7,12,0.000132
3,7,13,0.000131
3,7,14,0.000132
3,7,15,0.000166
3,8,1,9.1e-05
3,8,2,8.9e-05
3,8,3,9e-05
3,8,4,9.1e-05
3,8,5,9.1e-05
3,8,6,9.2e-05
3,8,7,9.3e-05
3,8,8,9.4e-05
3,8,9,0.000125
3,8,10,0.000125
3,8,11,0.000129
3,8,12,0.00013
3,8,13,0.000131
3,8,14,0.000129
3,8,15,0.00013
3,9,1,8.8e-05
3,9,2,8.9e-05
3,9,3,9e-05
3,9,4,9.1e-05
3,9,5,9.3e-05
3,9,6,9.2e-05
3,9,7,9.2e-05
3,9,8,9.3e-05
3,9,9,9.4e-05
3,9,10,0.000126
3,9,11,0.000126
3,9,12,0.000127
3,9,13,0.000128
3,9,14,0.000128
3,9,15,0.00013
3,10,1,8.8e-05
3,10,2,8.9e-05
3,10,3,9e-05
3,10,4,9.1e-05
3,10,5,9.1e-05
3,10,6,9.7e-05
3,10,7,9.9e-05
3,10,8,9.6e-05
3,10,9,9.9e-05
3,10,10,9.8e-05
3,10,11,0.000129
3,10,12,0.00013
3,10,13,0.00013
3,10,14,0.000145
3,10,15,0.000134
3,11,1,9.1e-05
3,11,2,9e-05
3,11,3,9.2e-05
3,11,4,9.2e-05
3,11,5,9.3e-05
3,11,6,9.4e-05
3,11,7,9.5e-05
3,11,8,9.5e-05
3,11,9,9.6e-05
3,11,10,9.8e-05
3,11,11,9.7e-05
3,11,12,0.00013
3,11,13,0.000132
3,11,14,0.000132
3,11,15,0.000132
3,12,1,9e-05
3,12,2,9.1e-05
3,12,3,9.2e-05
3,12,4,9.3e-05
3,12,5,9.4e-05
3,12,6,9.4e-05
3,12,7,9.4e-05
3,12,8,9.6e-05
3,12,9,9.6e-05
3,12,10,9.7e-05
3,12,11,9.8e-05
3,12,12,9.9e-05
3,12,13,0.000131
3,12,14,0.000132
3,12,15,0.000132
3,13,1,9e-05
3,13,2,9.1e-05
3,13,3,9.2e-05
3,13,4,9.2e-05
3,13,5,9.3e-05
3,13,6,9.4e-05
3,13,7,9.4e-05
3,13,8,9.6e-05
3,13,9,9.7e-05
3,13,10,9.7e-05
3,13,11,9.7e-05
3,13,12,9.9e-05
3,13,13,0.0001
3,13,14,0.000132
3,13,15,0.000133
3,14,1,9e-05
3,14,2,9e-05
3,14,3,9.2e-05
3,14,4,9.2e-05
3,14,5,9.3e-05
3,14,6,9.2e-05
3,14,7,0.000106
3,14,8,9.7e-05
3,14,9,9.7e-05
3,14,10,9.8e-05
3,14,11,9.9e-05
3,14,12,9.9e-05
3,14,13,0.000101
3,14,14,0.000102
3,14,15,0.000134
3,15,1,9.1e-05
3,15,2,9.2e-05
3,15,3,9.2e-05
3,15,4,9.4e-05
3,15,5,9.4e-05
3,15,6,9.5e-05
3,15,7,9.6e-05
3,15,8,9.6e-05
3,15,9,9.7e-05
3,15,10,9.8e-05
3,15,11,9.8e-05
3,15,12,0.0001
3,15,13,0.0001
3,15,14,0.0001
3,15,15,0.000102
4,1,1,0.000108
4,1,2,0.000144
4,1,3,0.000187
4,1,4,0.000225
4,1,5,0.000261
4,1,6,0.000306
4,1,7,0.000345
4,1,8,0.000377
4,1,9,0.000422
4,1,10,0.000455
4,1,11,0.000509
4,1,12,0.000552
4,1,13,0.000575
4,1,14,0.000608
4,1,15,0.000638
4,2,1,0.000106
4,2,2,0.000107
4,2,3,0.000144
4,2,4,0.000145
4,2,5,0.000186
4,2,6,0.000186
4,2,7,0.000222
4,2,8,0.000224
4,2,9,0.000265
4,2,10,0.000265
4,2,11,0.000308
4,2,12,0.000307
4,2,13,0.000342
4,2,14,0.000344
4,2,15,0.000381
4,3,1,0.000106
4,3,2,0.000107
4,3,3,0.000107
4,3,4,0.000146
4,3,5,0.000146
4,3,6,0.000146
4,3,7,0.000187
4,3,8,0.000188
4,3,9,0.000188
4,3,10,0.000226
4,3,11,0.000228
4,3,12,0.000227
4,3,13,0.000269
4,3,14,0.000267
4,3,15,0.000272
4,4,1,0.000107
4,4,2,0.000107
4,4,3,0.000108
4,4,4,0.000108
4,4,5,0.000148
4,4,6,0.000147
4,4,7,0.000147
4,4,8,0.000147
4,4,9,0.000189
4,4,10,0.000189
4,4,11,0.000191
4,4,12,0.000192
4,4,13,0.000229
4,4,14,0.000228
4,4,15,0.00023
4,5,1,0.000107
4,5,2,0.000106
4,5,3,0.000107
4,5,4,0.000108
4,5,5,0.000109
4,5,6,0.000147
4,5,7,0.000145
4,5,8,0.000145
4,5,9,0.000148
4,5,10,0.000149
4,5,11,0.00019
4,5,12,0.000191
4,5,13,0.000192
4,5,14,0.000192
4,5,15,0.000194
4,6,1,0.000106
4,6,2,0.000106
4,6,3,0.000108
4,6,4,0.000108
4,6,5,0.000108
4,6,6,0.00011
4,6,7,0.000148
4,6,8,0.000148
4,6,9,0.000148
4,6,10,0.000149
4,6,11,0.000149
4,6,12,0.000152
4,6,13,0.000192
4,6,14,0.000194
4,6,15,0.000194
4,7,1,0.000107
4,7,2,0.000106
4,7,3,0.000107
4,7,4,0.000107
4,7,5,0.000112
4,7,6,0.00011
4,7,7,0.00011
4,7,8,0.000144
4,7,9,0.00015
4,7,10,0.000149
4,7,11,0.00015
4,7,12,0.000151
4,7,13,0.000151
4,7,14,0.000153
4,7,15,0.000194
4,8,1,0.000106
4,8,2,0.000107
4,8,3,0.000106
4,8,4,0.000108
4,8,5,0.000108
4,8,6,0.000109
4,8,7,0.000111
4,8,8,0.000111
4,8,9,0.000148
4,8,10,0.00015
4,8,11,0.00015
4,8,12,0.00015
4,8,13,0.000151
4,8,14,0.000154
4,8,15,0.000153
4,9,1,0.000106
4,9,2,0.000107
4,9,3,0.000107
4,9,4,0.000108
4,9,5,0.000109
4,9,6,0.000109
4,9,7,0.00011
4,9,8,0.000111
4,9,9,0.000112
4,9,10,0.000149
4,9,11,0.00015
4,9,12,0.00015
4,9,13,0.000153
4,9,14,0.000153
4,9,15,0.000154
4,10,1,0.000106
4,10,2,0.000106
4,10,3,0.000107
4,10,4,0.000108
4,10,5,0.000109
4,10,6,0.000109
4,10,7,0.00011
4,10,8,0.000111
4,10,9,0.000112
4,10,10,0.000113
4,10,11,0.000151
4,10,12,0.000151
4,10,13,0.000152
4,10,14,0.000153
4,10,15,0.000172
4,11,1,0.000115
4,11,2,0.000108
4,11,3,0.000109
4,11,4,0.000109
4,11,5,0.000112
4,11,6,0.00011
4,11,7,0.000124
4,11,8,0.000112
4,11,9,0.000161
4,11,10,0.000119
4,11,11,0.000115
4,11,12,0.000241
4,11,13,0.000153
4,11,14,0.000154
4,11,15,0.000166
4,12,1,0.000106
4,12,2,0.000107
4,12,3,0.000107
4,12,4,0.000108
4,12,5,0.000109
4,12,6,0.000109
4,12,7,0.000111
4,12,8,0.000112
4,12,9,0.000112
4,12,10,0.000112
4,12,11,0.000114
4,12,12,0.000114
4,12,13,0.000153
4,12,14,0.000153
4,12,15,0.000154
4,13,1,0.000107
4,13,2,0.000106
4,13,3,0.000107
4,13,4,0.000109
4,13,5,0.000109
4,13,6,0.000109
4,13,7,0.00011
4,13,8,0.000111
4,13,9,0.000112
4,13,10,0.000113
4,13,11,0.000113
4,13,12,0.000115
4,13,13,0.000115
4,13,14,0.000153
4,13,15,0.000154
4,14,1,0.000105
4,14,2,0.000107
4,14,3,0.000107
4,14,4,0.000108
4,14,5,0.000108
4,14,6,0.00011
4,14,7,0.000111
4,14,8,0.000111
4,14,9,0.000112
4,14,10,0.000113
4,14,11,0.000114
4,14,12,0.000114
4,14,13,0.000114
4,14,14,0.000115
4,14,15,0.000154
4,15,1,0.000106
4,15,2,0.000107
4,15,3,0.000106
4,15,4,0.000107
4,15,5,0.00011
4,15,6,0.00011
4,15,7,0.000111
4,15,8,0.000111
4,15,9,0.000112
4,15,10,0.000112
4,15,11,0.000113
4,15,12,0.000114
4,15,13,0.000115
4,15,14,0.000116
4,15,15,0.000116
5,1,1,0.000121
5,1,2,0.000165
5,1,3,0.000211
5,1,4,0.000253
5,1,5,0.000302
5,1,6,0.000345
5,1,7,0.00046
5,1,8,0.000432
5,1,9,0.000479
5,1,10,0.000515
5,1,11,0.000555
5,1,12,0.000605
5,1,13,0.000653
5,1,14,0.000695
5,1,15,0.000729
5,2,1,0.000121
5,2,2,0.000121
5,2,3,0.000165
5,2,4,0.000167
5,2,5,0.00021
5,2,6,0.000212
5,2,7,0.000255
5,2,8,0.000256
5,2,9,0.000303
5,2,10,0.000306
5,2,11,0.000463
5,2,12,0.000377
5,2,13,0.000423
5,2,14,0.000509
5,2,15,0.000439
5,3,1,0.000121
5,3,2,0.000126
5,3,3,0.000123
5,3,4,0.000168
5,3,5,0.000169
5,3,6,0.000174
5,3,7,0.000222
5,3,8,0.000221
5,3,9,0.00022
5,3,10,0.000261
5,3,11,0.00026
5,3,12,0.000261
5,3,13,0.000326
5,3,14,0.000317
5,3,15,0.000307
5,4,1,0.000122
5,4,2,0.000122
5,4,3,0.000122
5,4,4,0.000124
5,4,5,0.000167
5,4,6,0.000279
5,4,7,0.000306
5,4,8,0.000169
5,4,9,0.000217
5,4,10,0.000239
5,4,11,0.000234
5,4,12,0.000229
5,4,13,0.000276
5,4,14,0.000264
5,4,15,0.000263
5,5,1,0.000122
5,5,2,0.000122
5,5,3,0.000122
5,5,4,0.000123
5,5,5,0.000123
5,5,6,0.000167
5,5,7,0.000169
5,5,8,0.000169
5,5,9,0.000171
5,5,10,0.000172
5,5,11,0.00024
5,5,12,0.000219
5,5,13,0.000222
5,5,14,0.000221
5,5,15,0.000221
5,6,1,0.000123
5,6,2,0.000122
5,6,3,0.000124
5,6,4,0.000123
5,6,5,0.000124
5,6,6,0.000126
5,6,7,0.000168
5,6,8,0.000173
5,6,9,0.000171
5,6,10,0.000173
5,6,11,0.000172
5,6,12,0.000175
5,6,13,0.000228
5,6,14,0.000223
5,6,15,0.000221
5,7,1,0.000122
5,7,2,0.000123
5,7,3,0.000124
5,7,4,0.000125
5,7,5,0.000125
5,7,6,0.000125
5,7,7,0.000123
5,7,8,0.000171
5,7,9,0.00017
5,7,10,0.000172
5,7,11,0.000171
5,7,12,0.000175
5,7,13,0.000174
5,7,14,0.000175
5,7,15,0.000221
5,8,1,0.000123
5,8,2,0.000122
5,8,3,0.000123
5,8,4,0.000123
5,8,5,0.000124
5,8,6,0.000126
5,8,7,0.000127
5,8,8,0.000127
5,8,9,0.000173
5,8,10,0.000171
5,8,11,0.000173
5,8,12,0.000172
5,8,13,0.000174
5,8,14,0.000174
5,8,15,0.000176
5,9,1,0.00015
5,9,2,0.000125
5,9,3,0.000122
5,9,4,0.000123
5,9,5,0.000124
5,9,6,0.000124
5,9,7,0.000126
5,9,8,0.000127
5,9,9,0.000129
5,9,10,0.000171
5,9,11,0.000172
5,9,12,0.000172
5,9,13,0.000179
5,9,14,0.000173
5,9,15,0.000175
5,10,1,0.000121
5,10,2,0.000121
5,10,3,0.000121
5,10,4,0.000122
5,10,5,0.000123
5,10,6,0.000124
5,10,7,0.000127
5,10,8,0.000126
5,10,9,0.000127
5,10,10,0.000128
5,10,11,0.000172
5,10,12,0.000173
5,10,13,0.000174
5,10,14,0.000174
5,10,15,0.000174
5,11,1,0.000122
5,11,2,0.000122
5,11,3,0.000123
5,11,4,0.000124
5,11,5,0.000124
5,11,6,0.000126
5,11,7,0.000126
5,11,8,0.000126
5,11,9,0.000126
5,11,10,0.000128
5,11,11,0.000129
5,11,12,0.000175
5,11,13,0.000172
5,11,14,0.000174
5,11,15,0.000202
5,12,1,0.000121
5,12,2,0.000122
5,12,3,0.000128
5,12,4,0.000124
5,12,5,0.000124
5,12,6,0.00013
5,12,7,0.000126
5,12,8,0.000126
5,12,9,0.000128
5,12,10,0.000128
5,12,11,0.000129
5,12,12,0.00013
5,12,13,0.000174
5,12,14,0.000176
5,12,15,0.000174
5,13,1,0.000121
5,13,2,0.000122
5,13,3,0.00013
5,13,4,0.000124
5,13,5,0.000124
5,13,6,0.000127
5,13,7,0.000126
5,13,8,0.000126
5,13,9,0.000127
5,13,10,0.000127
5,13,11,0.000129
5,13,12,0.000129
5,13,13,0.000127
5,13,14,0.00017
5,13,15,0.000171
5,14,1,0.000118
5,14,2,0.000118
5,14,3,0.00012
5,14,4,0.00012
5,14,5,0.000121
5,14,6,0.000122
5,14,7,0.000123
5,14,8,0.000123
5,14,9,0.000123
5,14,10,0.000149
5,14,11,0.00013
5,14,12,0.000131
5,14,13,0.000131
5,14,14,0.000131
5,14,15,0.000178
5,15,1,0.000121
5,15,2,0.000122
5,15,3,0.000123
5,15,4,0.000122
5,15,5,0.000124
5,15,6,0.000126
5,15,7,0.000125
5,15,8,0.000126
5,15,9,0.000128
5,15,10,0.000127
5,15,11,0.000129
5,15,12,0.00013
5,15,13,0.000133
5,15,14,0.00013
5,15,15,0.000132
6,1,1,0.000138
6,1,2,0.000191
6,1,3,0.00024
6,1,4,0.000287
6,1,5,0.000335
6,1,6,0.000389
6,1,7,0.000432
6,1,8,0.00048
6,1,9,0.000535
6,1,10,0.000584
6,1,11,0.000627
6,1,12,0.000672
6,1,13,0.000735
6,1,14,0.000764
6,1,15,0.000825
6,2,1,0.000137
6,2,2,0.000137
6,2,3,0.000187
6,2,4,0.000188
6,2,5,0.000238
6,2,6,0.000239
6,2,7,0.000289
6,2,8,0.000288
6,2,9,0.000337
6,2,10,0.000338
6,2,11,0.000391
6,2,12,0.000414
6,2,13,0.000456
6,2,14,0.000443
6,2,15,0.000487
6,3,1,0.000136
6,3,2,0.000137
6,3,3,0.000138
6,3,4,0.000186
6,3,5,0.000186
6,3,6,0.000188
6,3,7,0.000238
6,3,8,0.00024
6,3,9,0.00024
6,3,10,0.000341
6,3,11,0.000292
6,3,12,0.000292
6,3,13,0.000342
6,3,14,0.000337
6,3,15,0.000337
6,4,1,0.000134
6,4,2,0.000135
6,4,3,0.000139
6,4,4,0.000138
6,4,5,0.000187
6,4,6,0.000188
6,4,7,0.00019
6,4,8,0.000191
6,4,9,0.000242
6,4,10,0.000243
6,4,11,0.000243
6,4,12,0.000244
6,4,13,0.000293
6,4,14,0.000294
6,4,15,0.000295
6,5,1,0.000136
6,5,2,0.000137
6,5,3,0.000137
6,5,4,0.000139
6,5,5,0.000139
6,5,6,0.00019
6,5,7,0.000189
6,5,8,0.000209
6,5,9,0.000193
6,5,10,0.000192
6,5,11,0.000244
6,5,12,0.000245
6,5,13,0.00024
6,5,14,0.000241
6,5,15,0.000245
6,6,1,0.000136
6,6,2,0.000138
6,6,3,0.000137
6,6,4,0.000139
6,6,5,0.000139
6,6,6,0.000226
6,6,7,0.000191
6,6,8,0.00019
6,6,9,0.000197
6,6,10,0.000213
6,6,11,0.0002
6,6,12,0.000193
6,6,13,0.000246
6,6,14,0.00024
6,6,15,0.000246
6,7,1,0.000136
6,7,2,0.000136
6,7,3,0.000135
6,7,4,0.000137
6,7,5,0.000136
6,7,6,0.000137
6,7,7,0.000138
6,7,8,0.000185
6,7,9,0.000184
6,7,10,0.000193
6,7,11,0.000192
6,7,12,0.000193
6,7,13,0.000192
6,7,14,0.000195
6,7,15,0.000245
6,8,1,0.000136
6,8,2,0.000136
6,8,3,0.000138
6,8,4,0.000138
6,8,5,0.00014
6,8,6,0.00014
6,8,7,0.000142
6,8,8,0.000142
6,8,9,0.000189
6,8,10,0.000189
6,8,11,0.000191
6,8,12,0.000192
6,8,13,0.000192
6,8,14,0.000193
6,8,15,0.000195
6,9,1,0.000135
6,9,2,0.000137
6,9,3,0.000137
6,9,4,0.000139
6,9,5,0.000139
6,9,6,0.00014
6,9,7,0.00014
6,9,8,0.000142
6,9,9,0.000143
6,9,10,0.00019
6,9,11,0.000191
6,9,12,0.000194
6,9,13,0.000192
6,9,14,0.000194
6,9,15,0.000195
6,10,1,0.000137
6,10,2,0.000138
6,10,3,0.000138
6,10,4,0.000138
6,10,5,0.00014
6,10,6,0.00014
6,10,7,0.000141
6,10,8,0.000141
6,10,9,0.000143
6,10,10,0.000144
6,10,11,0.000192
6,10,12,0.000192
6,10,13,0.000194
6,10,14,0.000193
6,10,15,0.000194
6,11,1,0.000136
6,11,2,0.000136
6,11,3,0.000137
6,11,4,0.000139
6,11,5,0.000139
6,11,6,0.000142
6,11,7,0.000141
6,11,8,0.000142
6,11,9,0.000142
6,11,10,0.000144
6,11,11,0.000145
6,11,12,0.000205
6,11,13,0.000196
6,11,14,0.000191
6,11,15,0.000191
6,12,1,0.000136
6,12,2,0.000138
6,12,3,0.000136
6,12,4,0.000136
6,12,5,0.000136
6,12,6,0.000137
6,12,7,0.000144
6,12,8,0.000142
6,12,9,0.000142
6,12,10,0.000143
6,12,11,0.000144
6,12,12,0.000145
6,12,13,0.000194
6,12,14,0.000195
6,12,15,0.000196
6,13,1,0.000136
6,13,2,0.000138
6,13,3,0.000138
6,13,4,0.000141
6,13,5,0.000139
6,13,6,0.00014
6,13,7,0.000139
6,13,8,0.000142
6,13,9,0.000142
6,13,10,0.000144
6,13,11,0.000144
6,13,12,0.000146
6,13,13,0.000146
6,13,14,0.000196
6,13,15,0.000196
6,14,1,0.000136
6,14,2,0.000138
6,14,3,0.000138
6,14,4,0.000138
6,14,5,0.000137
6,14,6,0.000141
6,14,7,0.000141
6,14,8,0.000142
6,14,9,0.000142
6,14,10,0.000144
6,14,11,0.000143
6,14,12,0.000145
6,14,13,0.000145
6,14,14,0.00015
6,14,15,0.000195
6,15,1,0.000132
6,15,2,0.000133
6,15,3,0.000134
6,15,4,0.000136
6,15,5,0.000137
6,15,6,0.000137
6,15,7,0.000137
6,15,8,0.000138
6,15,9,0.000139
6,15,10,0.000141
6,15,11,0.00014
6,15,12,0.000141
6,15,13,0.000145
6,15,14,0.000147
6,15,15,0.000147
7,1,1,0.000152
7,1,2,0.000206
7,1,3,0.000262
7,1,4,0.000318
7,1,5,0.000371
7,1,6,0.000427
7,1,7,0.000477
7,1,8,0.000534
7,1,9,0.000595
7,1,10,0.000646
7,1,11,0.000692
7,1,12,0.000731
7,1,13,0.000799
7,1,14,0.000843
7,1,15,0.000896
7,2,1,0.000152
7,2,2,0.000153
7,2,3,0.000204
7,2,4,0.000205
7,2,5,0.000264
7,2,6,0.000266
7,2,7,0.000317
7,2,8,0.000319
7,2,9,0.000939
7,2,10,0.000373
7,2,11,0.000432
7,2,12,0.000433
7,2,13,0.000484
7,2,14,0.000485
7,2,15,0.000536
7,3,1,0.000151
7,3,2,0.000152
7,3,3,0.000151
7,3,4,0.000202
7,3,5,0.000202
7,3,6,0.000204
7,3,7,0.000258
7,3,8,0.000266
7,3,9,0.000265
7,3,10,0.000321
7,3,11,0.000323
7,3,12,0.000379
7,3,13,0.000378
7,3,14,0.000378
7,3,15,0.000378
7,4,1,0.000152
7,4,2,0.000152
7,4,3,0.000153
7,4,4,0.000154
7,4,5,0.000209
7,4,6,0.000209
7,4,7,0.000212
7,4,8,0.00021
7,4,9,0.000266
7,4,10,0.000268
7,4,11,0.000267
7,4,12,0.000269
7,4,13,0.000324
7,4,14,0.000323
7,4,15,0.000325
7,5,1,0.00015
7,5,2,0.000151
7,5,3,0.000152
7,5,4,0.000161
7,5,5,0.000154
7,5,6,0.000211
7,5,7,0.00021
7,5,8,0.000206
7,5,9,0.000205
7,5,10,0.000206
7,5,11,0.000261
7,5,12,0.000264
7,5,13,0.000266
7,5,14,0.000271
7,5,15,0.000269
7,6,1,0.000151
7,6,2,0.000152
7,6,3,0.000152
7,6,4,0.000154
7,6,5,0.000154
7,6,6,0.000155
7,6,7,0.00021
7,6,8,0.00021
7,6,9,0.000211
7,6,10,0.00021
7,6,11,0.000212
7,6,12,0.000215
7,6,13,0.00027
7,6,14,0.000271
7,6,15,0.000272
7,7,1,0.00015
7,7,2,0.000152
7,7,3,0.000152
7,7,4,0.000154
7,7,5,0.000154
7,7,6,0.000156
7,7,7,0.000155
7,7,8,0.000211
7,7,9,0.000211
7,7,10,0.00021
7,7,11,0.000215
7,7,12,0.000213
7,7,13,0.000214
7,7,14,0.000214
7,7,15,0.000277
7,8,1,0.00015
7,8,2,0.000153
7,8,3,0.000152
7,8,4,0.000154
7,8,5,0.000154
7,8,6,0.000154
7,8,7,0.000156
7,8,8,0.000157
7,8,9,0.000211
7,8,10,0.000212
7,8,11,0.000212
7,8,12,0.000213
7,8,13,0.000214
7,8,14,0.000214
7,8,15,0.000215
7,9,1,0.000151
7,9,2,0.000153
7,9,3,0.000152
7,9,4,0.000154
7,9,5,0.000154
7,9,6,0.000155
7,9,7,0.000158
7,9,8,0.000159
7,9,9,0.000158
7,9,10,0.000212
7,9,11,0.000213
7,9,12,0.000213
7,9,13,0.000214
7,9,14,0.000215
7,9,15,0.000217
7,10,1,0.000151
7,10,2,0.000152
7,10,3,0.000152
7,10,4,0.000154
7,10,5,0.000153
7,10,6,0.000155
7,10,7,0.000156
7,10,8,0.000157
7,10,9,0.000158
7,10,10,0.000159
7,10,11,0.000213
7,10,12,0.000214
7,10,13,0.000214
7,10,14,0.000215
7,10,15,0.000217
7,11,1,0.00015
7,11,2,0.000152
7,11,3,0.000153
7,11,4,0.000154
7,11,5,0.000154
7,11,6,0.000156
7,11,7,0.000156
7,11,8,0.000157
7,11,9,0.000157
7,11,10,0.000159
7,11,11,0.000159
7,11,12,0.000215
7,11,13,0.000215
7,11,14,0.000215
7,11,15,0.000215
7,12,1,0.000151
7,12,2,0.000153
7,12,3,0.000152
7,12,4,0.000156
7,12,5,0.000154
7,12,6,0.000156
7,12,7,0.000155
7,12,8,0.000157
7,12,9,0.000158
7,12,10,0.000158
7,12,11,0.000159
7,12,12,0.00016
7,12,13,0.000215
7,12,14,0.000215
7,12,15,0.000216
7,13,1,0.00015
7,13,2,0.000152
7,13,3,0.000152
7,13,4,0.000155
7,13,5,0.000154
7,13,6,0.000155
7,13,7,0.000156
7,13,8,0.000158
7,13,9,0.000158
7,13,10,0.00016
7,13,11,0.000159
7,13,12,0.00016
7,13,13,0.000161
7,13,14,0.000217
7,13,15,0.000217
7,14,1,0.000149
7,14,2,0.000153
7,14,3,0.000152
7,14,4,0.000155
7,14,5,0.000154
7,14,6,0.000155
7,14,7,0.000156
7,14,8,0.000156
7,14,9,0.000153
7,14,10,0.000156
7,14,11,0.000155
7,14,12,0.000157
7,14,13,0.000156
7,14,14,0.000158
7,14,15,0.000211
7,15,1,0.000146
7,15,2,0.000151
7,15,3,0.00015
7,15,4,0.00015
7,15,5,0.00015
7,15,6,0.000152
7,15,7,0.000151
7,15,8,0.000154
7,15,9,0.000153
7,15,10,0.000155
7,15,11,0.000155
7,15,12,0.000157
7,15,13,0.000156
7,15,14,0.000162
7,15,15,0.000162
8,1,1,0.00017
8,1,2,0.000229
8,1,3,0.000295
8,1,4,0.000356
8,1,5,0.000414
8,1,6,0.000479
8,1,7,0.000532
8,1,8,0.0006
8,1,9,0.000667
8,1,10,0.000727
8,1,11,0.00079
8,1,12,0.000828
8,1,13,0.000894
8,1,14,0.000941
8,1,15,0.000993
8,2,1,0.000165
8,2,2,0.000165
8,2,3,0.000224
8,2,4,0.000224
8,2,5,0.000288
8,2,6,0.000288
8,2,7,0.000357
8,2,8,0.000356
8,2,9,0.000422
8,2,10,0.000423
8,2,11,0.000487
8,2,12,0.000486
8,2,13,0.000544
8,2,14,0.000542
8,2,15,0.000605
8,3,1,0.000168
8,3,2,0.000171
8,3,3,0.000171
8,3,4,0.000231
8,3,5,0.000231
8,3,6,0.000233
8,3,7,0.000296
8,3,8,0.0003
8,3,9,0.000298
8,3,10,0.000371
8,3,11,0.000583
8,3,12,0.00036
8,3,13,0.000421
8,3,14,0.000422
8,3,15,0.000422
8,4,1,0.000168
8,4,2,0.000169
8,4,3,0.000169
8,4,4,0.000171
8,4,5,0.000231
8,4,6,0.000285
8,4,7,0.000236
8,4,8,0.000281
8,4,9,0.000329
8,4,10,0.0003
8,4,11,0.000315
8,4,12,0.000301
8,4,13,0.000361
8,4,14,0.000366
8,4,15,0.000364
8,5,1,0.000171
8,5,2,0.000171
8,5,3,0.000171
8,5,4,0.000171
8,5,5,0.000172
8,5,6,0.000234
8,5,7,0.000236
8,5,8,0.000252
8,5,9,0.000235
8,5,10,0.000238
8,5,11,0.000301
8,5,12,0.000304
8,5,13,0.000303
8,5,14,0.000304
8,5,15,0.000308
8,6,1,0.000168
8,6,2,0.00017
8,6,3,0.000179
8,6,4,0.001919
8,6,5,0.00266
8,6,6,0.005008
8,6,7,0.001909
8,6,8,0.002808
8,6,9,0.000246
8,6,10,0.000239
8,6,11,0.000241
8,6,12,0.000248
8,6,13,0.000361
8,6,14,0.000354
8,6,15,0.000303
8,7,1,0.000314
8,7,2,0.000204
8,7,3,0.00022
8,7,4,0.000172
8,7,5,0.000175
8,7,6,0.000195
8,7,7,0.000175
8,7,8,0.00025
8,7,9,0.000238
8,7,10,0.000236
8,7,11,0.000237
8,7,12,0.000238
8,7,13,0.000239
8,7,14,0.00024
8,7,15,0.00031
8,8,1,0.000169
8,8,2,0.000178
8,8,3,0.000172
8,8,4,0.000172
8,8,5,0.000171
8,8,6,0.000173
8,8,7,0.000172
8,8,8,0.000174
8,8,9,0.000237
8,8,10,0.000235
8,8,11,0.000237
8,8,12,0.000236
8,8,13,0.000266
8,8,14,0.000238
8,8,15,0.00024
8,9,1,0.000169
8,9,2,0.00017
8,9,3,0.000171
8,9,4,0.000171
8,9,5,0.000172
8,9,6,0.000173
8,9,7,0.000174
8,9,8,0.00018
8,9,9,0.000176
8,9,10,0.000239
8,9,11,0.00024
8,9,12,0.000238
8,9,13,0.000254
8,9,14,0.000242
8,9,15,0.000241
8,10,1,0.000169
8,10,2,0.000171
8,10,3,0.000171
8,10,4,0.000173
8,10,5,0.000172
8,10,6,0.000174
8,10,7,0.000174
8,10,8,0.000175
8,10,9,0.000175
8,10,10,0.000177
8,10,11,0.000287
8,10,12,0.000238
8,10,13,0.000238
8,10,14,0.000253
8,10,15,0.000321
8,11,1,0.000168
8,11,2,0.000196
8,11,3,0.00018
8,11,4,0.000172
8,11,5,0.000172
8,11,6,0.000173
8,11,7,0.000175
8,11,8,0.000177
8,11,9,0.000176
8,11,10,0.000175
8,11,11,0.000177
8,11,12,0.000271
8,11,13,0.000237
8,11,14,0.000238
8,11,15,0.000243
8,12,1,0.000168
8,12,2,0.000173
8,12,3,0.000182
8,12,4,0.000174
8,12,5,0.000173
8,12,6,0.000175
8,12,7,0.000173
8,12,8,0.000176
8,12,9,0.000174
8,12,10,0.000176
8,12,11,0.000179
8,12,12,0.000177
8,12,13,0.000241
8,12,14,0.000238
8,12,15,0.000237
8,13,1,0.000168
8,13,2,0.00017
8,13,3,0.000166
8,13,4,0.000167
8,13,5,0.000166
8,13,6,0.000168
8,13,7,0.000168
8,13,8,0.000172
8,13,9,0.000171
8,13,10,0.000171
8,13,11,0.000172
8,13,12,0.000173
8,13,13,0.000177
8,13,14,0.000241
8,13,15,0.00024
8,14,1,0.00017
8,14,2,0.000169
8,14,3,0.000171
8,14,4,0.000166
8,14,5,0.000168
8,14,6,0.000168
8,14,7,0.000169
8,14,8,0.000168
8,14,9,0.000176
8,14,10,0.000175
8,14,11,0.000177
8,14,12,0.000175
8,14,13,0.000177
8,14,14,0.000188
8,14,15,0.00024
8,15,1,0.000167
8,15,2,0.000169
8,15,3,0.000169
8,15,4,0.000169
8,15,5,0.000171
8,15,6,0.000172
8,15,7,0.000172
8,15,8,0.000173
8,15,9,0.000174
8,15,10,0.000175
8,15,11,0.000176
8,15,12,0.000177
8,15,13,0.000178
8,15,14,0.000178
8,15,15,0.00018
9,1,1,0.000186
9,1,2,0.000277
9,1,3,0.000321
9,1,4,0.000389
9,1,5,0.000457
9,1,6,0.000526
9,1,7,0.000586
9,1,8,0.000659
9,1,9,0.000733
9,1,10,0.000791
9,1,11,0.000844
9,1,12,0.000898
9,1,13,0.001002
9,1,14,0.00104
9,1,15,0.001105
9,2,1,0.000185
9,2,2,0.000185
9,2,3,0.000261
9,2,4,0.00026
9,2,5,0.000325
9,2,6,0.000325
9,2,7,0.000391
9,2,8,0.000389
9,2,9,0.000456
9,2,10,0.000461
9,2,11,0.000528
9,2,12,0.000532
9,2,13,0.000597
9,2,14,0.000581
9,2,15,0.000646
9,3,1,0.000181
9,3,2,0.000182
9,3,3,0.000183
9,3,4,0.000254
9,3,5,0.000259
9,3,6,0.000255
9,3,7,0.000329
9,3,8,0.000326
9,3,9,0.000324
9,3,10,0.000385
9,3,11,0.000387
9,3,12,0.000384
9,3,13,0.000466
9,3,14,0.000472
9,3,15,0.000464
9,4,1,0.000185
9,4,2,0.000182
9,4,3,0.000188
9,4,4,0.000188
9,4,5,0.000254
9,4,6,0.000255
9,4,7,0.000256
9,4,8,0.000257
9,4,9,0.000325
9,4,10,0.000327
9,4,11,0.000328
9,4,12,0.000353
9,4,13,0.000401
9,4,14,0.000389
9,4,15,0.000393
9,5,1,0.00018
9,5,2,0.000181
9,5,3,0.000186
9,5,4,0.000186
9,5,5,0.000187
9,5,6,0.000256
9,5,7,0.000255
9,5,8,0.000257
9,5,9,0.000257
9,5,10,0.000258
9,5,11,0.000328
9,5,12,0.000331
9,5,13,0.00033
9,5,14,0.000331
9,5,15,0.000332
9,6,1,0.000185
9,6,2,0.000186
9,6,3,0.000186
9,6,4,0.000187
9,6,5,0.000187
9,6,6,0.00019
9,6,7,0.000252
9,6,8,0.00025
9,6,9,0.000251
9,6,10,0.000252
9,6,11,0.000253
9,6,12,0.000253
9,6,13,0.000322
9,6,14,0.000331
9,6,15,0.000332
9,7,1,0.000193
9,7,2,0.000186
9,7,3,0.000186
9,7,4,0.000187
9,7,5,0.000187
9,7,6,0.000189
9,7,7,0.00019
9,7,8,0.000259
9,7,9,0.000258
9,7,10,0.000259
9,7,11,0.000259
9,7,12,0.000259
9,7,13,0.000261
9,7,14,0.000262
9,7,15,0.000343
9,8,1,0.000188
9,8,2,0.000186
9,8,3,0.000186
9,8,4,0.000188
9,8,5,0.000189
9,8,6,0.000189
9,8,7,0.00019
9,8,8,0.000191
9,8,9,0.000258
9,8,10,0.000258
9,8,11,0.00026
9,8,12,0.000261
9,8,13,0.00026
9,8,14,0.000262
9,8,15,0.000262
9,9,1,0.000186
9,9,2,0.000186
9,9,3,0.000187
9,9,4,0.000188
9,9,5,0.000188
9,9,6,0.000189
9,9,7,0.00019
9,9,8,0.00019
9,9,9,0.000192
9,9,10,0.000259
9,9,11,0.00026
9,9,12,0.000259
9,9,13,0.000263
9,9,14,0.000262
9,9,15,0.000267
9,10,1,0.000189
9,10,2,0.000186
9,10,3,0.000187
9,10,4,0.000186
9,10,5,0.000187
9,10,6,0.000189
9,10,7,0.000191
9,10,8,0.000191
9,10,9,0.000191
9,10,10,0.000191
9,10,11,0.000258
9,10,12,0.00026
9,10,13,0.00026
9,10,14,0.000261
9,10,15,0.000261
9,11,1,0.000184
9,11,2,0.000185
9,11,3,0.000187
9,11,4,0.000187
9,11,5,0.000188
9,11,6,0.000189
9,11,7,0.000189
9,11,8,0.000189
9,11,9,0.000191
9,11,10,0.000192
9,11,11,0.000192
9,11,12,0.000259
9,11,13,0.00026
9,11,14,0.000263
9,11,15,0.000261
9,12,1,0.000184
9,12,2,0.000185
9,12,3,0.000186
9,12,4,0.000186
9,12,5,0.000188
9,12,6,0.000191
9,12,7,0.000189
9,12,8,0.00019
9,12,9,0.00019
9,12,10,0.000191
9,12,11,0.000191
9,12,12,0.000194
9,12,13,0.000259
9,12,14,0.000255
9,12,15,0.000255
9,13,1,0.00018
9,13,2,0.000182
9,13,3,0.000182
9,13,4,0.000183
9,13,5,0.000184
9,13,6,0.000187
9,13,7,0.000186
9,13,8,0.00019
9,13,9,0.000191
9,13,10,0.000187
9,13,11,0.000188
9,13,12,0.000188
9,13,13,0.000189
9,13,14,0.000255
9,13,15,0.000256
9,14,1,0.00018
9,14,2,0.000181
9,14,3,0.000183
9,14,4,0.000182
9,14,5,0.000183
9,14,6,0.000184
9,14,7,0.000185
9,14,8,0.000186
9,14,9,0.000186
9,14,10,0.000187
9,14,11,0.000188
9,14,12,0.000189
9,14,13,0.00019
9,14,14,0.00019
9,14,15,0.000256
9,15,1,0.00018
9,15,2,0.00018
9,15,3,0.000182
9,15,4,0.000187
9,15,5,0.000187
9,15,6,0.000188
9,15,7,0.000188
9,15,8,0.000191
9,15,9,0.000191
9,15,10,0.000192
9,15,11,0.000191
9,15,12,0.000194
9,15,13,0.000192
9,15,14,0.000195
9,15,15,0.000195
10,1,1,0.000204
10,1,2,0.000272
10,1,3,0.000346
10,1,4,0.000417
10,1,5,0.00049
10,1,6,0.000562
10,1,7,0.000628
10,1,8,0.000699
10,1,9,0.000774
10,1,10,0.000844
10,1,11,0.000924
10,1,12,0.000976
10,1,13,0.001061
10,1,14,0.001138
10,1,15,0.001178
10,2,1,0.000201
10,2,2,0.000201
10,2,3,0.000273
10,2,4,0.000273
10,2,5,0.000347
10,2,6,0.000349
10,2,7,0.000418
10,2,8,0.000421
10,2,9,0.000495
10,2,10,0.000491
10,2,11,0.00057
10,2,12,0.000569
10,2,13,0.000633
10,2,14,0.000643
10,2,15,0.000702
10,3,1,0.000195
10,3,2,0.000196
10,3,3,0.000202
10,3,4,0.000274
10,3,5,0.000273
10,3,6,0.00028
10,3,7,0.000352
10,3,8,0.000352
10,3,9,0.000354
10,3,10,0.000425
10,3,11,0.000423
10,3,12,0.000422
10,3,13,0.000501
10,3,14,0.000502
10,3,15,0.000496
10,4,1,0.000201
10,4,2,0.000201
10,4,3,0.000201
10,4,4,0.000199
10,4,5,0.000269
10,4,6,0.000269
10,4,7,0.000271
10,4,8,0.000271
10,4,9,0.000344
10,4,10,0.000345
10,4,11,0.000344
10,4,12,0.000344
10,4,13,0.000416
10,4,14,0.000417
10,4,15,0.000417
10,5,1,0.000196
10,5,2,0.000198
10,5,3,0.000197
10,5,4,0.000197
10,5,5,0.000198
10,5,6,0.00027
10,5,7,0.000269
10,5,8,0.000272
10,5,9,0.00027
10,5,10,0.000273
10,5,11,0.000345
10,5,12,0.000346
10,5,13,0.000352
10,5,14,0.000355
10,5,15,0.000347
10,6,1,0.000195
10,6,2,0.000196
10,6,3,0.000197
10,6,4,0.000198
10,6,5,0.000198
10,6,6,0.000198
10,6,7,0.000272
10,6,8,0.000269
10,6,9,0.000271
10,6,10,0.000271
10,6,11,0.000273
10,6,12,0.000273
10,6,13,0.000354
10,6,14,0.000389
10,6,15,0.000369
10,7,1,0.000201
10,7,2,0.000207
10,7,3,0.000202
10,7,4,0.000202
10,7,5,0.000203
10,7,6,0.000203
10,7,7,0.000213
10,7,8,0.000281
10,7,9,0.000279
10,7,10,0.000278
10,7,11,0.00028
10,7,12,0.000282
10,7,13,0.000283
10,7,14,0.000282
10,7,15,0.00036
10,8,1,0.000199
10,8,2,0.000201
10,8,3,0.000203
10,8,4,0.000202
10,8,5,0.000203
10,8,6,0.000203
10,8,7,0.000204
10,8,8,0.000206
10,8,9,0.000281
10,8,10,0.000278
10,8,11,0.000279
10,8,12,0.00028
10,8,13,0.00028
10,8,14,0.000282
10,8,15,0.000297
10,9,1,0.0002
10,9,2,0.000201
10,9,3,0.000209
10,9,4,0.000202
10,9,5,0.000205
10,9,6,0.000202
10,9,7,0.000204
10,9,8,0.000204
10,9,9,0.000206
10,9,10,0.000279
10,9,11,0.00028
10,9,12,0.000281
10,9,13,0.00028
10,9,14,0.000287
10,9,15,0.000283
10,10,1,0.000198
10,10,2,0.0002
10,10,3,0.000201
10,10,4,0.000202
10,10,5,0.000201
10,10,6,0.000204
10,10,7,0.000203
10,10,8,0.000206
10,10,9,0.000205
10,10,10,0.000206
10,10,11,0.000279
10,10,12,0.000284
10,10,13,0.00028
10,10,14,0.000281
10,10,15,0.000312
10,11,1,0.000201
10,11,2,0.000201
10,11,3,0.000203
10,11,4,0.000201
10,11,5,0.000219
10,11,6,0.000206
10,11,7,0.000206
10,11,8,0.000205
10,11,9,0.000206
10,11,10,0.000208
10,11,11,0.000211
10,11,12,0.000283
10,11,13,0.000283
10,11,14,0.000282
10,11,15,0.000293
10,12,1,0.000205
10,12,2,0.000201
10,12,3,0.000201
10,12,4,0.000203
10,12,5,0.000198
10,12,6,0.000199
10,12,7,0.000203
10,12,8,0.000205
10,12,9,0.000207
10,12,10,0.000207
10,12,11,0.000208
10,12,12,0.000208
10,12,13,0.000282
10,12,14,0.000281
10,12,15,0.000282
10,13,1,0.000199
10,13,2,0.0002
10,13,3,0.000202
10,13,4,0.000203
10,13,5,0.000203
10,13,6,0.000204
10,13,7,0.000205
10,13,8,0.000205
10,13,9,0.000207
10,13,10,0.000207
10,13,11,0.000207
10,13,12,0.000208
10,13,13,0.00021
10,13,14,0.000281
10,13,15,0.000283
10,14,1,0.000199
10,14,2,0.0002
10,14,3,0.000201
10,14,4,0.000202
10,14,5,0.000204
10,14,6,0.000204
10,14,7,0.000205
10,14,8,0.000204
10,14,9,0.000206
10,14,10,0.000208
10,14,11,0.000207
10,14,12,0.000208
10,14,13,0.000209
10,14,14,0.00021
10,14,15,0.000283
10,15,1,0.0002
10,15,2,0.0002
10,15,3,0.000202
10,15,4,0.000202
10,15,5,0.000203
10,15,6,0.000203
10,15,7,0.000204
10,15,8,0.000205
10,15,9,0.000206
10,15,10,0.000207
10,15,11,0.000208
10,15,12,0.000211
10,15,13,0.000209
10,15,14,0.00021
10,15,15,0.000212
11,1,1,0.000214
11,1,2,0.000292
11,1,3,0.000373
11,1,4,0.000444
11,1,5,0.000525
11,1,6,0.000597
11,1,7,0.00066
11,1,8,0.000738
11,1,9,0.000844
11,1,10,0.000904
11,1,11,0.000956
11,1,12,0.001039
11,1,13,0.001146
11,1,14,0.00121
11,1,15,0.001294
11,2,1,0.000213
11,2,2,0.000213
11,2,3,0.00029
11,2,4,0.000299
11,2,5,0.00038
11,2,6,0.000375
11,2,7,0.00048
11,2,8,0.000453
11,2,9,0.00053
11,2,10,0.00053
11,2,11,0.000606
11,2,12,0.000596
11,2,13,0.000668
11,2,14,0.000674
11,2,15,0.000765
11,3,1,0.000222
11,3,2,0.000216
11,3,3,0.000216
11,3,4,0.000294
11,3,5,0.000294
11,3,6,0.000294
11,3,7,0.000375
11,3,8,0.000378
11,3,9,0.00039
11,3,10,0.000456
11,3,11,0.00045
11,3,12,0.000443
11,3,13,0.000522
11,3,14,0.000518
11,3,15,0.000528
11,4,1,0.000222
11,4,2,0.000213
11,4,3,0.000214
11,4,4,0.000225
11,4,5,0.000295
11,4,6,0.000294
11,4,7,0.000295
11,4,8,0.000295
11,4,9,0.000413
11,4,10,0.00038
11,4,11,0.000484
11,4,12,0.001001
11,4,13,0.000482
11,4,14,0.000459
11,4,15,0.000462
11,5,1,0.000258
11,5,2,0.000245
11,5,3,0.000305
11,5,4,0.000467
11,5,5,0.00022
11,5,6,0.000328
11,5,7,0.000308
11,5,8,0.000376
11,5,9,0.00035
11,5,10,0.000308
11,5,11,0.000379
11,5,12,0.000382
11,5,13,0.000399
11,5,14,0.000386
11,5,15,0.000382
11,6,1,0.000215
11,6,2,0.000214
11,6,3,0.000214
11,6,4,0.000216
11,6,5,0.000216
11,6,6,0.000217
11,6,7,0.000295
11,6,8,0.000296
11,6,9,0.000299
11,6,10,0.000296
11,6,11,0.000317
11,6,12,0.000299
11,6,13,0.000418
11,6,14,0.000428
11,6,15,0.000382
11,7,1,0.000215
11,7,2,0.000224
11,7,3,0.000215
11,7,4,0.000217
11,7,5,0.000225
11,7,6,0.000238
11,7,7,0.000223
11,7,8,0.000301
11,7,9,0.000297
11,7,10,0.000296
11,7,11,0.000298
11,7,12,0.000297
11,7,13,0.000299
11,7,14,0.0003
11,7,15,0.000381
11,8,1,0.000214
11,8,2,0.000214
11,8,3,0.000214
11,8,4,0.000216
11,8,5,0.000216
11,8,6,0.000218
11,8,7,0.000217
11,8,8,0.000219
11,8,9,0.000296
11,8,10,0.000298
11,8,11,0.000296
11,8,12,0.000302
11,8,13,0.000303
11,8,14,0.0003
11,8,15,0.000296
11,9,1,0.000209
11,9,2,0.000209
11,9,3,0.00021
11,9,4,0.00021
11,9,5,0.000212
11,9,6,0.000212
11,9,7,0.000213
11,9,8,0.000213
11,9,9,0.000214
11,9,10,0.00029
11,9,11,0.000294
11,9,12,0.000301
11,9,13,0.000299
11,9,14,0.000299
11,9,15,0.000301
11,10,1,0.000213
11,10,2,0.000214
11,10,3,0.000215
11,10,4,0.000215
11,10,5,0.000216
11,10,6,0.000216
11,10,7,0.000246
11,10,8,0.000257
11,10,9,0.000268
11,10,10,0.000225
11,10,11,0.000298
11,10,12,0.000302
11,10,13,0.000301
11,10,14,0.000303
11,10,15,0.000303
11,11,1,0.000218
11,11,2,0.000215
11,11,3,0.000218
11,11,4,0.000217
11,11,5,0.000217
11,11,6,0.000219
11,11,7,0.00022
11,11,8,0.000221
11,11,9,0.000265
11,11,10,0.000271
11,11,11,0.000377
11,11,12,0.000302
11,11,13,0.000299
11,11,14,0.000301
11,11,15,0.000301
11,12,1,0.000214
11,12,2,0.000219
11,12,3,0.000216
11,12,4,0.000216
11,12,5,0.000217
11,12,6,0.000217
11,12,7,0.000219
11,12,8,0.000219
11,12,9,0.00024
11,12,10,0.000234
11,12,11,0.000223
11,12,12,0.000222
11,12,13,0.000299
11,12,14,0.000378
11,12,15,0.000363
11,13,1,0.000215
11,13,2,0.000212
11,13,3,0.000216
11,13,4,0.000215
11,13,5,0.000217
11,13,6,0.000217
11,13,7,0.000219
11,13,8,0.000218
11,13,9,0.000219
11,13,10,0.000219
11,13,11,0.000251
11,13,12,0.000274
11,13,13,0.000263
11,13,14,0.000376
11,13,15,0.000316
11,14,1,0.000216
11,14,2,0.000214
11,14,3,0.000217
11,14,4,0.000215
11,14,5,0.000217
11,14,6,0.000217
11,14,7,0.000217
11,14,8,0.000218
11,14,9,0.00022
11,14,10,0.000219
11,14,11,0.000222
11,14,12,0.00022
11,14,13,0.000221
11,14,14,0.00022
11,14,15,0.000705
11,15,1,0.000235
11,15,2,0.000268
11,15,3,0.000228
11,15,4,0.00062
11,15,5,0.000231
11,15,6,0.000285
11,15,7,0.000343
11,15,8,0.00029
11,15,9,0.000268
11,15,10,0.000224
11,15,11,0.000231
11,15,12,0.000225
11,15,13,0.000224
11,15,14,0.000226
11,15,15,0.000227
12,1,1,0.000236
12,1,2,0.000319
12,1,3,0.000409
12,1,4,0.000489
12,1,5,0.000575
12,1,6,0.000689
12,1,7,0.000772
12,1,8,0.000837
12,1,9,0.000933
12,1,10,0.001003
12,1,11,0.001122
12,1,12,0.001163
12,1,13,0.001256
12,1,14,0.001342
12,1,15,0.001414
12,2,1,0.000234
12,2,2,0.000235
12,2,3,0.000318
12,2,4,0.000321
12,2,5,0.000407
12,2,6,0.000406
12,2,7,0.000493
12,2,8,0.000491
12,2,9,0.000567
12,2,10,0.000578
12,2,11,0.000659
12,2,12,0.000668
12,2,13,0.00073
12,2,14,0.000729
12,2,15,0.000829
12,3,1,0.000234
12,3,2,0.000235
12,3,3,0.000234
12,3,4,0.000319
12,3,5,0.000318
12,3,6,0.000321
12,3,7,0.000406
12,3,8,0.000408
12,3,9,0.000415
12,3,10,0.000495
12,3,11,0.000495
12,3,12,0.000493
12,3,13,0.000583
12,3,14,0.000583
12,3,15,0.000575
12,4,1,0.000233
12,4,2,0.000234
12,4,3,0.000233
12,4,4,0.000235
12,4,5,0.00032
12,4,6,0.00035
12,4,7,0.00033
12,4,8,0.000362
12,4,9,0.000415
12,4,10,0.000435
12,4,11,0.000431
12,4,12,0.000443
12,4,13,0.000581
12,4,14,0.000863
12,4,15,0.000649
12,5,1,0.000245
12,5,2,0.000238
12,5,3,0.000235
12,5,4,0.000236
12,5,5,0.000235
12,5,6,0.00032
12,5,7,0.000321
12,5,8,0.000323
12,5,9,0.000323
12,5,10,0.000323
12,5,11,0.000412
12,5,12,0.000412
12,5,13,0.000414
12,5,14,0.00041
12,5,15,0.000414
12,6,1,0.000232
12,6,2,0.000233
12,6,3,0.000233
12,6,4,0.000234
12,6,5,0.000235
12,6,6,0.000236
12,6,7,0.000321
12,6,8,0.000323
12,6,9,0.000323
12,6,10,0.000323
12,6,11,0.000325
12,6,12,0.000324
12,6,13,0.000411
12,6,14,0.000412
12,6,15,0.000412
12,7,1,0.000232
12,7,2,0.000233
12,7,3,0.000232
12,7,4,0.000234
12,7,5,0.000235
12,7,6,0.000235
12,7,7,0.000237
12,7,8,0.000324
12,7,9,0.000323
12,7,10,0.000321
12,7,11,0.000315
12,7,12,0.00032
12,7,13,0.000326
12,7,14,0.000327
12,7,15,0.000414
12,8,1,0.000232
12,8,2,0.000232
12,8,3,0.000233
12,8,4,0.000235
12,8,5,0.000234
12,8,6,0.000236
12,8,7,0.000235
12,8,8,0.000238
12,8,9,0.000323
12,8,10,0.000324
12,8,11,0.000324
12,8,12,0.000326
12,8,13,0.000327
12,8,14,0.000327
12,8,15,0.000326
12,9,1,0.000233
12,9,2,0.000233
12,9,3,0.000233
12,9,4,0.000235
12,9,5,0.000235
12,9,6,0.000236
12,9,7,0.000236
12,9,8,0.000239
12,9,9,0.000238
12,9,10,0.000324
12,9,11,0.000323
12,9,12,0.000325
12,9,13,0.000326
12,9,14,0.000328
12,9,15,0.000328
12,10,1,0.000232
12,10,2,0.000348
12,10,3,0.000246
12,10,4,0.000248
12,10,5,0.000237
12,10,6,0.000265
12,10,7,0.000244
12,10,8,0.000243
12,10,9,0.000241
12,10,10,0.000241
12,10,11,0.000432
12,10,12,0.000518
12,10,13,0.00034
12,10,14,0.000363
12,10,15,0.000337
12,11,1,0.000234
12,11,2,0.000235
12,11,3,0.000235
12,11,4,0.000236
12,11,5,0.000238
12,11,6,0.000238
12,11,7,0.000238
12,11,8,0.00024
12,11,9,0.00026
12,11,10,0.000242
12,11,11,0.000242
12,11,12,0.00068
12,11,13,0.000443
12,11,14,0.000419
12,11,15,0.000332
12,12,1,0.000233
12,12,2,0.000236
12,12,3,0.000236
12,12,4,0.000236
12,12,5,0.000399
12,12,6,0.000237
12,12,7,0.000315
12,12,8,0.000327
12,12,9,0.000321
12,12,10,0.000247
12,12,11,0.000242
12,12,12,0.000242
12,12,13,0.000332
12,12,14,0.000357
12,12,15,0.000336
12,13,1,0.000234
12,13,2,0.000235
12,13,3,0.000234
12,13,4,0.000235
12,13,5,0.000236
12,13,6,0.000236
12,13,7,0.000237
12,13,8,0.000241
12,13,9,0.00024
12,13,10,0.000241
12,13,11,0.000271
12,13,12,0.000243
12,13,13,0.000252
12,13,14,0.000331
12,13,15,0.000328
12,14,1,0.000233
12,14,2,0.000233
12,14,3,0.000233
12,14,4,0.000236
12,14,5,0.000236
12,14,6,0.000238
12,14,7,0.000253
12,14,8,0.000241
12,14,9,0.000241
12,14,10,0.000241
12,14,11,0.000243
12,14,12,0.000243
12,14,13,0.000248
12,14,14,0.000243
12,14,15,0.000332
12,15,1,0.000234
12,15,2,0.000245
12,15,3,0.000244
12,15,4,0.000249
12,15,5,0.000245
12,15,6,0.000246
12,15,7,0.000245
12,15,8,0.000246
12,15,9,0.000248
12,15,10,0.00025
12,15,11,0.000261
12,15,12,0.000243
12,15,13,0.000242
12,15,14,0.000246
12,15,15,0.000243
13,1,1,0.000254
13,1,2,0.000345
13,1,3,0.000436
13,1,4,0.000522
13,1,5,0.000607
13,1,6,0.000712
13,1,7,0.000868
13,1,8,0.000892
13,1,9,0.000977
13,1,10,0.001053
13,1,11,0.001152
13,1,12,0.001211
13,1,13,0.001331
13,1,14,0.001397
13,1,15,0.001518
13,2,1,0.000252
13,2,2,0.000251
13,2,3,0.00034
13,2,4,0.00034
13,2,5,0.000433
13,2,6,0.000433
13,2,7,0.000519
13,2,8,0.000514
13,2,9,0.000615
13,2,10,0.000618
13,2,11,0.000702
13,2,12,0.000705
13,2,13,0.000782
13,2,14,0.000801
13,2,15,0.000885
13,3,1,0.000245
13,3,2,0.000244
13,3,3,0.000246
13,3,4,0.000332
13,3,5,0.000335
13,3,6,0.000333
13,3,7,0.000435
13,3,8,0.000438
13,3,9,0.000436
13,3,10,0.000519
13,3,11,0.000516
13,3,12,0.00052
13,3,13,0.000642
13,3,14,0.000637
13,3,15,0.000623
13,4,1,0.000252
13,4,2,0.000251
13,4,3,0.000253
13,4,4,0.000253
13,4,5,0.000344
13,4,6,0.000344
13,4,7,0.000344
13,4,8,0.000344
13,4,9,0.000438
13,4,10,0.000431
13,4,11,0.000426
13,4,12,0.000427
13,4,13,0.000514
13,4,14,0.000515
13,4,15,0.000529
13,5,1,0.000253
13,5,2,0.000251
13,5,3,0.000245
13,5,4,0.000248
13,5,5,0.000252
13,5,6,0.000344
13,5,7,0.000343
13,5,8,0.000342
13,5,9,0.000343
13,5,10,0.000366
13,5,11,0.000439
13,5,12,0.000436
13,5,13,0.000435
13,5,14,0.000436
13,5,15,0.000437
13,6,1,0.00025
13,6,2,0.00025
13,6,3,0.00028
13,6,4,0.000257
13,6,5,0.000257
13,6,6,0.000257
13,6,7,0.000342
13,6,8,0.000336
13,6,9,0.000336
13,6,10,0.000337
13,6,11,0.000339
13,6,12,0.000343
13,6,13,0.000442
13,6,14,0.000442
13,6,15,0.000441
13,7,1,0.000243
13,7,2,0.000246
13,7,3,0.000248
13,7,4,0.000247
13,7,5,0.000247
13,7,6,0.000248
13,7,7,0.000248
13,7,8,0.000345
13,7,9,0.000345
13,7,10,0.000345
13,7,11,0.000343
13,7,12,0.000347
13,7,13,0.00035
13,7,14,0.000348
13,7,15,0.000441
13,8,1,0.00025
13,8,2,0.000252
13,8,3,0.000274
13,8,4,0.000253
13,8,5,0.000253
13,8,6,0.000254
13,8,7,0.000254
13,8,8,0.000256
13,8,9,0.000341
13,8,10,0.00034
13,8,11,0.000339
13,8,12,0.000339
13,8,13,0.000348
13,8,14,0.000349
13,8,15,0.000351
13,9,1,0.00025
13,9,2,0.000264
13,9,3,0.000254
13,9,4,0.000254
13,9,5,0.000255
13,9,6,0.000255
13,9,7,0.000256
13,9,8,0.000256
13,9,9,0.000256
13,9,10,0.000349
13,9,11,0.000349
13,9,12,0.000349
13,9,13,0.00035
13,9,14,0.00035
13,9,15,0.000352
13,10,1,0.000251
13,10,2,0.000252
13,10,3,0.000252
13,10,4,0.000253
13,10,5,0.000255
13,10,6,0.000255
13,10,7,0.000255
13,10,8,0.000256
13,10,9,0.000258
13,10,10,0.000259
13,10,11,0.000348
13,10,12,0.000349
13,10,13,0.000351
13,10,14,0.00035
13,10,15,0.000352
13,11,1,0.00025
13,11,2,0.000251
13,11,3,0.000253
13,11,4,0.000253
13,11,5,0.000254
13,11,6,0.000254
13,11,7,0.000255
13,11,8,0.000257
13,11,9,0.000257
13,11,10,0.000258
13,11,11,0.000258
13,11,12,0.00035
13,11,13,0.000349
13,11,14,0.000351
13,11,15,0.000352
13,12,1,0.000251
13,12,2,0.000251
13,12,3,0.000252
13,12,4,0.000253
13,12,5,0.000253
13,12,6,0.000254
13,12,7,0.000255
13,12,8,0.000256
13,12,9,0.000257
13,12,10,0.000257
13,12,11,0.000259
13,12,12,0.00026
13,12,13,0.000351
13,12,14,0.00035
13,12,15,0.000351
13,13,1,0.000251
13,13,2,0.000252
13,13,3,0.000252
13,13,4,0.000253
13,13,5,0.000253
13,13,6,0.000254
13,13,7,0.000255
13,13,8,0.000256
13,13,9,0.000256
13,13,10,0.000258
13,13,11,0.000258
13,13,12,0.000258
13,13,13,0.000259
13,13,14,0.000351
13,13,15,0.00035
13,14,1,0.00025
13,14,2,0.000251
13,14,3,0.000252
13,14,4,0.000253
13,14,5,0.000253
13,14,6,0.000255
13,14,7,0.000256
13,14,8,0.000258
13,14,9,0.000257
13,14,10,0.000258
13,14,11,0.000258
13,14,12,0.000259
13,14,13,0.000261
13,14,14,0.000262
13,14,15,0.000351
13,15,1,0.000251
13,15,2,0.000252
13,15,3,0.000253
13,15,4,0.000253
13,15,5,0.000254
13,15,6,0.000255
13,15,7,0.000254
13,15,8,0.000256
13,15,9,0.000257
13,15,10,0.000258
13,15,11,0.000258
13,15,12,0.000259
13,15,13,0.00026
13,15,14,0.000261
13,15,15,0.000262
14,1,1,0.000268
14,1,2,0.000363
14,1,3,0.000458
14,1,4,0.000548
14,1,5,0.000641
14,1,6,0.000738
14,1,7,0.000833
14,1,8,0.000928
14,1,9,0.001026
14,1,10,0.001106
14,1,11,0.001206
14,1,12,0.001296
14,1,13,0.001411
14,1,14,0.001508
14,1,15,0.001599
14,2,1,0.000269
14,2,2,0.000269
14,2,3,0.000365
14,2,4,0.000367
14,2,5,0.000466
14,2,6,0.000464
14,2,7,0.00056
14,2,8,0.000562
14,2,9,0.000659
14,2,10,0.000659
14,2,11,0.000758
14,2,12,0.000759
14,2,13,0.00085
14,2,14,0.000852
14,2,15,0.000947
14,3,1,0.00027
14,3,2,0.000269
14,3,3,0.00027
14,3,4,0.000365
14,3,5,0.000365
14,3,6,0.000366
14,3,7,0.000467
14,3,8,0.000467
14,3,9,0.000468
14,3,10,0.000644
14,3,11,0.000564
14,3,12,0.000563
14,3,13,0.000662
14,3,14,0.000662
14,3,15,0.000667
14,4,1,0.000268
14,4,2,0.000269
14,4,3,0.000269
14,4,4,0.000269
14,4,5,0.000367
14,4,6,0.000374
14,4,7,0.000367
14,4,8,0.000367
14,4,9,0.00047
14,4,10,0.000468
14,4,11,0.002085
14,4,12,0.000487
14,4,13,0.000563
14,4,14,0.000562
14,4,15,0.000562
14,5,1,0.000266
14,5,2,0.000269
14,5,3,0.000267
14,5,4,0.000267
14,5,5,0.000268
14,5,6,0.000363
14,5,7,0.000363
14,5,8,0.000363
14,5,9,0.00038
14,5,10,0.00038
14,5,11,0.000479
14,5,12,0.00048
14,5,13,0.000489
14,5,14,0.000469
14,5,15,0.000472
14,6,1,0.000264
14,6,2,0.000266
14,6,3,0.000264
14,6,4,0.000268
14,6,5,0.000266
14,6,6,0.000269
14,6,7,0.000365
14,6,8,0.000366
14,6,9,0.000367
14,6,10,0.000367
14,6,11,0.000366
14,6,12,0.000367
14,6,13,0.000467
14,6,14,0.000467
14,6,15,0.000469
14,7,1,0.000264
14,7,2,0.000265
14,7,3,0.000265
14,7,4,0.000266
14,7,5,0.00027
14,7,6,0.000267
14,7,7,0.000269
14,7,8,0.000365
14,7,9,0.000366
14,7,10,0.000367
14,7,11,0.000367
14,7,12,0.000398
14,7,13,0.00039
14,7,14,0.000377
14,7,15,0.000473
14,8,1,0.000266
14,8,2,0.000286
14,8,3,0.000282
14,8,4,0.00027
14,8,5,0.000268
14,8,6,0.000269
14,8,7,0.000269
14,8,8,0.000268
14,8,9,0.00037
14,8,10,0.000366
14,8,11,0.000366
14,8,12,0.000367
14,8,13,0.000367
14,8,14,0.000369
14,8,15,0.000419
14,9,1,0.000265
14,9,2,0.000266
14,9,3,0.000266
14,9,4,0.000267
14,9,5,0.000267
14,9,6,0.000269
14,9,7,0.000275
14,9,8,0.000276
14,9,9,0.000273
14,9,10,0.000371
14,9,11,0.00037
14,9,12,0.000372
14,9,13,0.000371
14,9,14,0.000372
14,9,15,0.000372
14,10,1,0.000323
14,10,2,0.000269
14,10,3,0.000282
14,10,4,0.00027
14,10,5,0.000271
14,10,6,0.000271
14,10,7,0.000272
14,10,8,0.000272
14,10,9,0.000273
14,10,10,0.000274
14,10,11,0.000414
14,10,12,0.000372
14,10,13,0.000371
14,10,14,0.000371
14,10,15,0.000372
14,11,1,0.000265
14,11,2,0.000269
14,11,3,0.000269
14,11,4,0.000271
14,11,5,0.000271
14,11,6,0.000272
14,11,7,0.000272
14,11,8,0.000274
14,11,9,0.000274
14,11,10,0.000274
14,11,11,0.000276
14,11,12,0.000373
14,11,13,0.000372
14,11,14,0.000373
14,11,15,0.000374
14,12,1,0.000268
14,12,2,0.000268
14,12,3,0.000284
14,12,4,0.000267
14,12,5,0.000269
14,12,6,0.000268
14,12,7,0.000269
14,12,8,0.00027
14,12,9,0.000279
14,12,10,0.000278
14,12,11,0.000279
14,12,12,0.000287
14,12,13,0.000371
14,12,14,0.000371
14,12,15,0.000372
14,13,1,0.00027
14,13,2,0.000267
14,13,3,0.000265
14,13,4,0.000277
14,13,5,0.00027
14,13,6,0.000271
14,13,7,0.00027
14,13,8,0.000271
14,13,9,0.000272
14,13,10,0.000271
14,13,11,0.000267
14,13,12,0.000269
14,13,13,0.000269
14,13,14,0.000364
14,13,15,0.000365
14,14,1,0.000268
14,14,2,0.00028
14,14,3,0.000265
14,14,4,0.000268
14,14,5,0.000267
14,14,6,0.000262
14,14,7,0.00027
14,14,8,0.000268
14,14,9,0.000265
14,14,10,0.000265
14,14,11,0.000264
14,14,12,0.000272
14,14,13,0.000272
14,14,14,0.000273
14,14,15,0.000371
14,15,1,0.000264
14,15,2,0.000265
14,15,3,0.000259
14,15,4,0.000265
14,15,5,0.000265
14,15,6,0.000261
14,15,7,0.000262
14,15,8,0.00027
14,15,9,0.00027
14,15,10,0.000271
14,15,11,0.00027
14,15,12,0.000272
14,15,13,0.000272
14,15,14,0.000274
14,15,15,0.000276
15,1,1,0.000278
15,1,2,0.000378
15,1,3,0.000482
15,1,4,0.000582
15,1,5,0.000675
15,1,6,0.000777
15,1,7,0.000871
15,1,8,0.001035
15,1,9,0.001085
15,1,10,0.001147
15,1,11,0.001272
15,1,12,0.001376
15,1,13,0.001455
15,1,14,0.001593
15,1,15,0.001637
15,2,1,0.000279
15,2,2,0.00028
15,2,3,0.000378
15,2,4,0.000381
15,2,5,0.000479
15,2,6,0.000474
15,2,7,0.000567
15,2,8,0.000568
15,2,9,0.000689
15,2,10,0.00069
15,2,11,0.000769
15,2,12,0.000788
15,2,13,0.000882
15,2,14,0.000902
15,2,15,0.00098
15,3,1,0.000279
15,3,2,0.00028
15,3,3,0.00028
15,3,4,0.000382
15,3,5,0.000381
15,3,6,0.000382
15,3,7,0.000484
15,3,8,0.000479
15,3,9,0.000487
15,3,10,0.000579
15,3,11,0.000586
15,3,12,0.000588
15,3,13,0.000686
15,3,14,0.000689
15,3,15,0.000685
15,4,1,0.000279
15,4,2,0.000279
15,4,3,0.00028
15,4,4,0.000279
15,4,5,0.000382
15,4,6,0.000378
15,4,7,0.000381
15,4,8,0.00038
15,4,9,0.000482
15,4,10,0.000485
15,4,11,0.000487
15,4,12,0.000488
15,4,13,0.000587
15,4,14,0.000574
15,4,15,0.000571
15,5,1,0.000276
15,5,2,0.000278
15,5,3,0.00028
15,5,4,0.000304
15,5,5,0.000287
15,5,6,0.000388
15,5,7,0.000384
15,5,8,0.000387
15,5,9,0.000385
15,5,10,0.000384
15,5,11,0.000487
15,5,12,0.000492
15,5,13,0.000495
15,5,14,0.000497
15,5,15,0.000495
15,6,1,0.000279
15,6,2,0.000282
15,6,3,0.000281
15,6,4,0.000283
15,6,5,0.000283
15,6,6,0.000285
15,6,7,0.000379
15,6,8,0.000377
15,6,9,0.000377
15,6,10,0.00038
15,6,11,0.000378
15,6,12,0.000378
15,6,13,0.000479
15,6,14,0.000487
15,6,15,0.000489
15,7,1,0.00028
15,7,2,0.000281
15,7,3,0.00028
15,7,4,0.000282
15,7,5,0.000282
15,7,6,0.000283
15,7,7,0.000284
15,7,8,0.000388
15,7,9,0.000387
15,7,10,0.000386
15,7,11,0.000387
15,7,12,0.000387
15,7,13,0.000387
15,7,14,0.00039
15,7,15,0.000494
15,8,1,0.00028
15,8,2,0.000282
15,8,3,0.00028
15,8,4,0.000283
15,8,5,0.000282
15,8,6,0.000284
15,8,7,0.000284
15,8,8,0.000285
15,8,9,0.000386
15,8,10,0.000386
15,8,11,0.000387
15,8,12,0.00039
15,8,13,0.000391
15,8,14,0.000392
15,8,15,0.00039
15,9,1,0.000279
15,9,2,0.000281
15,9,3,0.000281
15,9,4,0.000282
15,9,5,0.000282
15,9,6,0.000285
15,9,7,0.000284
15,9,8,0.000285
15,9,9,0.000286
15,9,10,0.000389
15,9,11,0.000388
15,9,12,0.000389
15,9,13,0.000384
15,9,14,0.000381
15,9,15,0.000391
15,10,1,0.00028
15,10,2,0.000281
15,10,3,0.000282
15,10,4,0.000281
15,10,5,0.000283
15,10,6,0.000285
15,10,7,0.000284
15,10,8,0.000285
15,10,9,0.000287
15,10,10,0.000287
15,10,11,0.000387
15,10,12,0.000388
15,10,13,0.00039
15,10,14,0.000389
15,10,15,0.000391
15,11,1,0.000278
15,11,2,0.000282
15,11,3,0.00028
15,11,4,0.000282
15,11,5,0.000282
15,11,6,0.000284
15,11,7,0.000285
15,11,8,0.000286
15,11,9,0.000285
15,11,10,0.000288
15,11,11,0.000287
15,11,12,0.000389
15,11,13,0.000387
15,11,14,0.000389
15,11,15,0.000394
15,12,1,0.000279
15,12,2,0.000281
15,12,3,0.000281
15,12,4,0.000282
15,12,5,0.000282
15,12,6,0.000285
15,12,7,0.000284
15,12,8,0.000286
15,12,9,0.000343
15,12,10,0.000288
15,12,11,0.000289
15,12,12,0.000288
15,12,13,0.000388
15,12,14,0.000389
15,12,15,0.000394
15,13,1,0.000277
15,13,2,0.00028
15,13,3,0.000281
15,13,4,0.000279
15,13,5,0.000281
15,13,6,0.00028
15,13,7,0.000283
15,13,8,0.000279
15,13,9,0.000278
15,13,10,0.000278
15,13,11,0.000279
15,13,12,0.00028
15,13,13,0.000284
15,13,14,0.000386
15,13,15,0.000386
15,14,1,0.000277
15,14,2,0.000278
15,14,3,0.000279
15,14,4,0.00028
15,14,5,0.000281
15,14,6,0.000281
15,14,7,0.000282
15,14,8,0.000283
15,14,9,0.000283
15,14,10,0.000283
15,14,11,0.000283
15,14,12,0.000286
15,14,13,0.000287
15,14,14,0.000287
15,14,15,0.000386
15,15,1,0.000277
15,15,2,0.000278
15,15,3,0.000278
15,15,4,0.000279
15,15,5,0.00028
15,15,6,0.000281
15,15,7,0.000282
15,15,8,0.000283
15,15,9,0.000285
15,15,10,0.000285
15,15,11,0.000286
15,15,12,0.000287
15,15,13,0.000287
15,15,14,0.00029
15,15,15,0.000289
