Clocks;Locations;Transitions;Time(s)
1;1;1;1.1e-05
1;1;2;1.3e-05
1;1;3;1.7e-05
1;1;4;2e-05
1;1;5;2.5e-05
1;1;6;2.8e-05
1;1;7;3.1e-05
1;1;8;3.4e-05
1;1;9;4.2e-05
1;1;10;4.4e-05
1;1;11;4.7e-05
1;1;12;5e-05
1;1;13;5.4e-05
1;1;14;5.7e-05
1;1;15;5.9e-05
1;2;1;5e-06
1;2;2;1.6e-05
1;2;3;2e-05
1;2;4;2.4e-05
1;2;5;2.9e-05
1;2;6;3.3e-05
1;2;7;3.6e-05
1;2;8;4e-05
1;2;9;4.7e-05
1;2;10;5.2e-05
1;2;11;5.4e-05
1;2;12;5.6e-05
1;2;13;6e-05
1;2;14;7.7e-05
1;2;15;6.9e-05
1;3;1;5e-06
1;3;2;5e-06
1;3;3;2.5e-05
1;3;4;2.8e-05
1;3;5;3.4e-05
1;3;6;3.8e-05
1;3;7;4.2e-05
1;3;8;4.8e-05
1;3;9;5.2e-05
1;3;10;5.5e-05
1;3;11;6e-05
1;3;12;6.3e-05
1;3;13;6.8e-05
1;3;14;7.3e-05
1;3;15;7.7e-05
1;4;1;4e-06
1;4;2;5e-06
1;4;3;5e-06
1;4;4;3.3e-05
1;4;5;3.7e-05
1;4;6;4.2e-05
1;4;7;4.7e-05
1;4;8;5.1e-05
1;4;9;5.7e-05
1;4;10;6.1e-05
1;4;11;6.5e-05
1;4;12;7e-05
1;4;13;7.4e-05
1;4;14;7.8e-05
1;4;15;0.000104
1;5;1;5e-06
1;5;2;5e-06
1;5;3;4e-06
1;5;4;5e-06
1;5;5;4.4e-05
1;5;6;4.7e-05
1;5;7;5.1e-05
1;5;8;5.6e-05
1;5;9;6.3e-05
1;5;10;6.7e-05
1;5;11;7.2e-05
1;5;12;7.6e-05
1;5;13;8e-05
1;5;14;8.5e-05
1;5;15;8.9e-05
1;6;1;5e-06
1;6;2;4e-06
1;6;3;4e-06
1;6;4;5e-06
1;6;5;5e-06
1;6;6;5.2e-05
1;6;7;5.6e-05
1;6;8;6.2e-05
1;6;9;6.8e-05
1;6;10;7.2e-05
1;6;11;7.7e-05
1;6;12;8.2e-05
1;6;13;8.7e-05
1;6;14;9.1e-05
1;6;15;9.6e-05
1;7;1;4e-06
1;7;2;5e-06
1;7;3;4e-06
1;7;4;5e-06
1;7;5;5e-06
1;7;6;5e-06
1;7;7;6.1e-05
1;7;8;6.5e-05
1;7;9;7.2e-05
1;7;10;7.7e-05
1;7;11;8.2e-05
1;7;12;8.7e-05
1;7;13;9.1e-05
1;7;14;9.6e-05
1;7;15;0.000102
1;8;1;5e-06
1;8;2;4e-06
1;8;3;5e-06
1;8;4;6e-06
1;8;5;5e-06
1;8;6;5e-06
1;8;7;1e-05
1;8;8;7.2e-05
1;8;9;7.8e-05
1;8;10;8.2e-05
1;8;11;8.7e-05
1;8;12;9.2e-05
1;8;13;9.7e-05
1;8;14;0.000104
1;8;15;0.000108
1;9;1;4e-06
1;9;2;4e-06
1;9;3;4e-06
1;9;4;4e-06
1;9;5;5e-06
1;9;6;5e-06
1;9;7;5e-06
1;9;8;6e-06
1;9;9;8.4e-05
1;9;10;8.8e-05
1;9;11;9.4e-05
1;9;12;9.9e-05
1;9;13;0.000103
1;9;14;0.000116
1;9;15;0.000115
1;10;1;5e-06
1;10;2;5e-06
1;10;3;5e-06
1;10;4;4e-06
1;10;5;5e-06
1;10;6;5e-06
1;10;7;5e-06
1;10;8;5e-06
1;10;9;5e-06
1;10;10;9.4e-05
1;10;11;9.9e-05
1;10;12;0.000104
1;10;13;0.000109
1;10;14;0.000115
1;10;15;0.000121
1;11;1;4e-06
1;11;2;5e-06
1;11;3;5e-06
1;11;4;4e-06
1;11;5;4e-06
1;11;6;6e-06
1;11;7;6e-06
1;11;8;8e-06
1;11;9;6e-06
1;11;10;5e-06
1;11;11;0.000105
1;11;12;0.000109
1;11;13;0.000115
1;11;14;0.00012
1;11;15;0.000126
1;12;1;4e-06
1;12;2;5e-06
1;12;3;5e-06
1;12;4;5e-06
1;12;5;5e-06
1;12;6;5e-06
1;12;7;5e-06
1;12;8;5e-06
1;12;9;6e-06
1;12;10;6e-06
1;12;11;6e-06
1;12;12;0.000116
1;12;13;0.000121
1;12;14;0.000126
1;12;15;0.000132
1;13;1;4e-06
1;13;2;5e-06
1;13;3;5e-06
1;13;4;4e-06
1;13;5;5e-06
1;13;6;5e-06
1;13;7;5e-06
1;13;8;5e-06
1;13;9;6e-06
1;13;10;5e-06
1;13;11;6e-06
1;13;12;6e-06
1;13;13;0.000126
1;13;14;0.000132
1;13;15;0.000138
1;14;1;4e-06
1;14;2;5e-06
1;14;3;4e-06
1;14;4;5e-06
1;14;5;5e-06
1;14;6;5e-06
1;14;7;5e-06
1;14;8;5e-06
1;14;9;6e-06
1;14;10;5e-06
1;14;11;5e-06
1;14;12;6e-06
1;14;13;6e-06
1;14;14;0.000137
1;14;15;0.000143
1;15;1;4e-06
1;15;2;4e-06
1;15;3;5e-06
1;15;4;4e-06
1;15;5;5e-06
1;15;6;5e-06
1;15;7;7e-06
1;15;8;6e-06
1;15;9;5e-06
1;15;10;5e-06
1;15;11;6e-06
1;15;12;6e-06
1;15;13;6e-06
1;15;14;6e-06
1;15;15;0.000152
2;1;1;2.8e-05
2;1;2;1.6e-05
2;1;3;2e-05
2;1;4;2.6e-05
2;1;5;3.3e-05
2;1;6;3.6e-05
2;1;7;4.1e-05
2;1;8;4.6e-05
2;1;9;5.5e-05
2;1;10;5.9e-05
2;1;11;6.3e-05
2;1;12;6.6e-05
2;1;13;7.2e-05
2;1;14;7.5e-05
2;1;15;8.7e-05
2;2;1;5e-06
2;2;2;2e-05
2;2;3;2.6e-05
2;2;4;3.2e-05
2;2;5;3.8e-05
2;2;6;4.3e-05
2;2;7;4.8e-05
2;2;8;5.3e-05
2;2;9;6e-05
2;2;10;6.6e-05
2;2;11;7e-05
2;2;12;7.5e-05
2;2;13;7.9e-05
2;2;14;8.4e-05
2;2;15;8.9e-05
2;3;1;5e-06
2;3;2;6e-06
2;3;3;3.2e-05
2;3;4;3.7e-05
2;3;5;4.3e-05
2;3;6;4.8e-05
2;3;7;5.4e-05
2;3;8;6e-05
2;3;9;6.6e-05
2;3;10;7.3e-05
2;3;11;7.8e-05
2;3;12;8.2e-05
2;3;13;8.9e-05
2;3;14;9.5e-05
2;3;15;0.0001
2;4;1;5e-06
2;4;2;5e-06
2;4;3;6e-06
2;4;4;4.2e-05
2;4;5;4.8e-05
2;4;6;5.4e-05
2;4;7;5.9e-05
2;4;8;6.5e-05
2;4;9;7.2e-05
2;4;10;7.9e-05
2;4;11;8.4e-05
2;4;12;8.9e-05
2;4;13;9.5e-05
2;4;14;0.000102
2;4;15;0.000106
2;5;1;5e-06
2;5;2;5e-06
2;5;3;5e-06
2;5;4;6e-06
2;5;5;5.4e-05
2;5;6;6e-05
2;5;7;6.5e-05
2;5;8;7.1e-05
2;5;9;7.9e-05
2;5;10;8.6e-05
2;5;11;9.1e-05
2;5;12;9.7e-05
2;5;13;0.000102
2;5;14;0.000109
2;5;15;0.000114
2;6;1;6e-06
2;6;2;6e-06
2;6;3;6e-06
2;6;4;5e-06
2;6;5;6e-06
2;6;6;6.5e-05
2;6;7;7.1e-05
2;6;8;7.6e-05
2;6;9;8.4e-05
2;6;10;8.9e-05
2;6;11;9.5e-05
2;6;12;0.000101
2;6;13;0.000109
2;6;14;0.000115
2;6;15;0.000122
2;7;1;5e-06
2;7;2;5e-06
2;7;3;6e-06
2;7;4;6e-06
2;7;5;6e-06
2;7;6;6e-06
2;7;7;7.7e-05
2;7;8;8.3e-05
2;7;9;9.1e-05
2;7;10;9.7e-05
2;7;11;0.000104
2;7;12;0.000114
2;7;13;0.000116
2;7;14;0.000122
2;7;15;0.000128
2;8;1;6e-06
2;8;2;5e-06
2;8;3;5e-06
2;8;4;6e-06
2;8;5;6e-06
2;8;6;6e-06
2;8;7;6e-06
2;8;8;9e-05
2;8;9;9.7e-05
2;8;10;0.000103
2;8;11;0.000109
2;8;12;0.000116
2;8;13;0.000122
2;8;14;0.000128
2;8;15;0.000134
2;9;1;5e-06
2;9;2;5e-06
2;9;3;6e-06
2;9;4;5e-06
2;9;5;6e-06
2;9;6;6e-06
2;9;7;6e-06
2;9;8;7e-06
2;9;9;0.000104
2;9;10;0.00011
2;9;11;0.000117
2;9;12;0.000124
2;9;13;0.000129
2;9;14;0.000136
2;9;15;0.000143
2;10;1;5e-06
2;10;2;6e-06
2;10;3;5e-06
2;10;4;5e-06
2;10;5;5e-06
2;10;6;6e-06
2;10;7;6e-06
2;10;8;6e-06
2;10;9;6e-06
2;10;10;0.000116
2;10;11;0.000122
2;10;12;0.000129
2;10;13;0.000135
2;10;14;0.000142
2;10;15;0.000149
2;11;1;5e-06
2;11;2;5e-06
2;11;3;5e-06
2;11;4;5e-06
2;11;5;6e-06
2;11;6;6e-06
2;11;7;6e-06
2;11;8;6e-06
2;11;9;6e-06
2;11;10;7e-06
2;11;11;0.00013
2;11;12;0.000136
2;11;13;0.000142
2;11;14;0.00015
2;11;15;0.000157
2;12;1;5e-06
2;12;2;5e-06
2;12;3;5e-06
2;12;4;5e-06
2;12;5;6e-06
2;12;6;6e-06
2;12;7;6e-06
2;12;8;6e-06
2;12;9;7e-06
2;12;10;6e-06
2;12;11;7e-06
2;12;12;0.000143
2;12;13;0.00015
2;12;14;0.000156
2;12;15;0.00016
2;13;1;5e-06
2;13;2;5e-06
2;13;3;6e-06
2;13;4;6e-06
2;13;5;6e-06
2;13;6;6e-06
2;13;7;6e-06
2;13;8;6e-06
2;13;9;7e-06
2;13;10;7e-06
2;13;11;7e-06
2;13;12;7e-06
2;13;13;0.000156
2;13;14;0.000162
2;13;15;0.0002
2;14;1;1.2e-05
2;14;2;5e-06
2;14;3;6e-06
2;14;4;6e-06
2;14;5;6e-06
2;14;6;6e-06
2;14;7;6e-06
2;14;8;6e-06
2;14;9;6e-06
2;14;10;6e-06
2;14;11;7e-06
2;14;12;7e-06
2;14;13;7e-06
2;14;14;0.000172
2;14;15;0.000183
2;15;1;5e-06
2;15;2;6e-06
2;15;3;6e-06
2;15;4;6e-06
2;15;5;6e-06
2;15;6;6e-06
2;15;7;6e-06
2;15;8;6e-06
2;15;9;6e-06
2;15;10;7e-06
2;15;11;6e-06
2;15;12;6e-06
2;15;13;7e-06
2;15;14;7e-06
2;15;15;0.000185
3;1;1;1.3e-05
3;1;2;1.9e-05
3;1;3;2.6e-05
3;1;4;3.1e-05
3;1;5;3.9e-05
3;1;6;4.5e-05
3;1;7;5e-05
3;1;8;5.7e-05
3;1;9;6.6e-05
3;1;10;7.2e-05
3;1;11;7.7e-05
3;1;12;8e-05
3;1;13;8.7e-05
3;1;14;9.3e-05
3;1;15;9.7e-05
3;2;1;6e-06
3;2;2;2.5e-05
3;2;3;3.1e-05
3;2;4;3.7e-05
3;2;5;4.5e-05
3;2;6;5e-05
3;2;7;5.7e-05
3;2;8;6.4e-05
3;2;9;7.3e-05
3;2;10;8e-05
3;2;11;8.6e-05
3;2;12;9.1e-05
3;2;13;9.7e-05
3;2;14;0.000103
3;2;15;0.000109
3;3;1;7e-06
3;3;2;7e-06
3;3;3;3.9e-05
3;3;4;4.4e-05
3;3;5;5.3e-05
3;3;6;5.9e-05
3;3;7;6.6e-05
3;3;8;7.2e-05
3;3;9;8e-05
3;3;10;8.7e-05
3;3;11;9.3e-05
3;3;12;0.0001
3;3;13;0.000107
3;3;14;0.000113
3;3;15;0.000121
3;4;1;7e-06
3;4;2;6e-06
3;4;3;7e-06
3;4;4;5.1e-05
3;4;5;6.2e-05
3;4;6;6.9e-05
3;4;7;7.2e-05
3;4;8;7.8e-05
3;4;9;8.8e-05
3;4;10;0.000107
3;4;11;0.000103
3;4;12;0.000108
3;4;13;0.000115
3;4;14;0.000121
3;4;15;0.000128
3;5;1;7e-06
3;5;2;6e-06
3;5;3;7e-06
3;5;4;6e-06
3;5;5;6.5e-05
3;5;6;7.2e-05
3;5;7;7.9e-05
3;5;8;8.6e-05
3;5;9;9.6e-05
3;5;10;0.000103
3;5;11;0.00011
3;5;12;0.000117
3;5;13;0.000144
3;5;14;0.00013
3;5;15;0.000137
3;6;1;7e-06
3;6;2;7e-06
3;6;3;6e-06
3;6;4;7e-06
3;6;5;7e-06
3;6;6;8.1e-05
3;6;7;8.5e-05
3;6;8;0.000141
3;6;9;0.000106
3;6;10;0.000109
3;6;11;0.000117
3;6;12;0.000124
3;6;13;0.000131
3;6;14;0.000138
3;6;15;0.000144
3;7;1;6e-06
3;7;2;6e-06
3;7;3;6e-06
3;7;4;6e-06
3;7;5;6e-06
3;7;6;7e-06
3;7;7;9.2e-05
3;7;8;9.9e-05
3;7;9;0.000108
3;7;10;0.000117
3;7;11;0.000123
3;7;12;0.00013
3;7;13;0.000138
3;7;14;0.000147
3;7;15;0.000152
3;8;1;6e-06
3;8;2;6e-06
3;8;3;7e-06
3;8;4;6e-06
3;8;5;9e-06
3;8;6;7e-06
3;8;7;7e-06
3;8;8;0.000107
3;8;9;0.000115
3;8;10;0.00014
3;8;11;0.000132
3;8;12;0.000137
3;8;13;0.000145
3;8;14;0.000154
3;8;15;0.00016
3;9;1;6e-06
3;9;2;6e-06
3;9;3;6e-06
3;9;4;7e-06
3;9;5;7e-06
3;9;6;7e-06
3;9;7;7e-06
3;9;8;7e-06
3;9;9;0.000123
3;9;10;0.000131
3;9;11;0.000138
3;9;12;0.000146
3;9;13;0.000155
3;9;14;0.000162
3;9;15;0.000169
3;10;1;6e-06
3;10;2;6e-06
3;10;3;6e-06
3;10;4;6e-06
3;10;5;7e-06
3;10;6;7e-06
3;10;7;7e-06
3;10;8;7e-06
3;10;9;7e-06
3;10;10;0.000138
3;10;11;0.000146
3;10;12;0.000153
3;10;13;0.00017
3;10;14;0.000169
3;10;15;0.000176
3;11;1;6e-06
3;11;2;7e-06
3;11;3;7e-06
3;11;4;7e-06
3;11;5;7e-06
3;11;6;7e-06
3;11;7;7e-06
3;11;8;7e-06
3;11;9;7e-06
3;11;10;8e-06
3;11;11;0.000153
3;11;12;0.00016
3;11;13;0.000169
3;11;14;0.000177
3;11;15;0.000185
3;12;1;6e-06
3;12;2;6e-06
3;12;3;6e-06
3;12;4;6e-06
3;12;5;7e-06
3;12;6;7e-06
3;12;7;7e-06
3;12;8;7e-06
3;12;9;7e-06
3;12;10;7e-06
3;12;11;1.7e-05
3;12;12;0.000172
3;12;13;0.000178
3;12;14;0.000186
3;12;15;0.000194
3;13;1;7e-06
3;13;2;7e-06
3;13;3;7e-06
3;13;4;7e-06
3;13;5;7e-06
3;13;6;7e-06
3;13;7;7e-06
3;13;8;7e-06
3;13;9;7e-06
3;13;10;8e-06
3;13;11;8e-06
3;13;12;8e-06
3;13;13;0.000185
3;13;14;0.000193
3;13;15;0.000202
3;14;1;6e-06
3;14;2;6e-06
3;14;3;6e-06
3;14;4;7e-06
3;14;5;6e-06
3;14;6;7e-06
3;14;7;7e-06
3;14;8;7e-06
3;14;9;7e-06
3;14;10;8e-06
3;14;11;7e-06
3;14;12;8e-06
3;14;13;8e-06
3;14;14;0.000201
3;14;15;0.000209
3;15;1;6e-06
3;15;2;6e-06
3;15;3;7e-06
3;15;4;6e-06
3;15;5;7e-06
3;15;6;7e-06
3;15;7;7e-06
3;15;8;7e-06
3;15;9;8e-06
3;15;10;8e-06
3;15;11;8e-06
3;15;12;7e-06
3;15;13;8e-06
3;15;14;8e-06
3;15;15;0.000218
4;1;1;1.5e-05
4;1;2;2.3e-05
4;1;3;3.1e-05
4;1;4;3.8e-05
4;1;5;4.7e-05
4;1;6;5.3e-05
4;1;7;6e-05
4;1;8;6.7e-05
4;1;9;8.1e-05
4;1;10;8.7e-05
4;1;11;9.3e-05
4;1;12;0.000106
4;1;13;0.000107
4;1;14;0.000116
4;1;15;0.000124
4;2;1;8e-06
4;2;2;3.1e-05
4;2;3;3.8e-05
4;2;4;4.5e-05
4;2;5;5.4e-05
4;2;6;6.1e-05
4;2;7;6.9e-05
4;2;8;7.6e-05
4;2;9;8.6e-05
4;2;10;9.4e-05
4;2;11;0.000101
4;2;12;0.000109
4;2;13;0.000117
4;2;14;0.000124
4;2;15;0.000148
4;3;1;8e-06
4;3;2;8e-06
4;3;3;4.6e-05
4;3;4;5.3e-05
4;3;5;6.2e-05
4;3;6;6.9e-05
4;3;7;0.000113
4;3;8;8.4e-05
4;3;9;9.7e-05
4;3;10;0.000106
4;3;11;0.00011
4;3;12;0.000118
4;3;13;0.000126
4;3;14;0.000135
4;3;15;0.000144
4;4;1;8e-06
4;4;2;8e-06
4;4;3;8e-06
4;4;4;6e-05
4;4;5;6.9e-05
4;4;6;7.7e-05
4;4;7;8.4e-05
4;4;8;9.2e-05
4;4;9;0.000102
4;4;10;0.00011
4;4;11;0.000119
4;4;12;0.000126
4;4;13;0.000147
4;4;14;0.000147
4;4;15;0.000172
4;5;1;8e-06
4;5;2;7e-06
4;5;3;8e-06
4;5;4;8e-06
4;5;5;7.7e-05
4;5;6;8.7e-05
4;5;7;9.2e-05
4;5;8;0.000101
4;5;9;0.000112
4;5;10;0.000119
4;5;11;0.000127
4;5;12;0.000175
4;5;13;0.000149
4;5;14;0.000153
4;5;15;0.000161
4;6;1;7e-06
4;6;2;8e-06
4;6;3;8e-06
4;6;4;8e-06
4;6;5;8e-06
4;6;6;0.000102
4;6;7;0.0001
4;6;8;0.000109
4;6;9;0.00012
4;6;10;0.000128
4;6;11;0.000175
4;6;12;0.000145
4;6;13;0.000154
4;6;14;0.000163
4;6;15;0.000173
4;7;1;7e-06
4;7;2;9e-06
4;7;3;8e-06
4;7;4;8e-06
4;7;5;8e-06
4;7;6;8e-06
4;7;7;0.00011
4;7;8;0.000117
4;7;9;0.000129
4;7;10;0.000135
4;7;11;0.000144
4;7;12;0.000154
4;7;13;0.000161
4;7;14;0.00101
4;7;15;0.000184
4;8;1;9e-06
4;8;2;8e-06
4;8;3;7e-06
4;8;4;7e-06
4;8;5;7e-06
4;8;6;8e-06
4;8;7;8e-06
4;8;8;0.000125
4;8;9;0.000136
4;8;10;0.000144
4;8;11;0.000152
4;8;12;0.000161
4;8;13;0.000171
4;8;14;0.00022
4;8;15;0.000188
4;9;1;8e-06
4;9;2;7e-06
4;9;3;9e-06
4;9;4;8e-06
4;9;5;8e-06
4;9;6;8e-06
4;9;7;8e-06
4;9;8;9e-06
4;9;9;0.000388
4;9;10;0.000278
4;9;11;0.000164
4;9;12;0.000221
4;9;13;0.000343
4;9;14;0.000216
4;9;15;0.00021
4;10;1;7e-06
4;10;2;8e-06
4;10;3;7e-06
4;10;4;8e-06
4;10;5;8e-06
4;10;6;8e-06
4;10;7;8e-06
4;10;8;9e-06
4;10;9;9e-06
4;10;10;0.000162
4;10;11;0.00017
4;10;12;0.000179
4;10;13;0.000296
4;10;14;0.000287
4;10;15;0.000212
4;11;1;8e-06
4;11;2;8e-06
4;11;3;7e-06
4;11;4;8e-06
4;11;5;8e-06
4;11;6;8e-06
4;11;7;8e-06
4;11;8;3.5e-05
4;11;9;9e-06
4;11;10;9e-06
4;11;11;0.000179
4;11;12;0.000246
4;11;13;0.000235
4;11;14;0.000842
4;11;15;0.000603
4;12;1;8e-06
4;12;2;8e-06
4;12;3;8e-06
4;12;4;8e-06
4;12;5;8e-06
4;12;6;3e-05
4;12;7;9e-06
4;12;8;8e-06
4;12;9;9e-06
4;12;10;8e-06
4;12;11;9e-06
4;12;12;0.000198
4;12;13;0.000206
4;12;14;0.000217
4;12;15;0.000222
4;13;1;7e-06
4;13;2;7e-06
4;13;3;8e-06
4;13;4;8e-06
4;13;5;7e-06
4;13;6;8e-06
4;13;7;8e-06
4;13;8;8e-06
4;13;9;9e-06
4;13;10;8e-06
4;13;11;8e-06
4;13;12;9e-06
4;13;13;0.000214
4;13;14;0.000223
4;13;15;0.000233
4;14;1;7e-06
4;14;2;7e-06
4;14;3;8e-06
4;14;4;8e-06
4;14;5;8e-06
4;14;6;8e-06
4;14;7;8e-06
4;14;8;9e-06
4;14;9;9e-06
4;14;10;9e-06
4;14;11;9e-06
4;14;12;9e-06
4;14;13;9e-06
4;14;14;0.000232
4;14;15;0.000243
4;15;1;8e-06
4;15;2;8e-06
4;15;3;7e-06
4;15;4;7e-06
4;15;5;7e-06
4;15;6;8e-06
4;15;7;8e-06
4;15;8;8e-06
4;15;9;9e-06
4;15;10;9e-06
4;15;11;9e-06
4;15;12;9e-06
4;15;13;9e-06
4;15;14;1.2e-05
4;15;15;0.000258
5;1;1;1.7e-05
5;1;2;2.6e-05
5;1;3;4.2e-05
5;1;4;4.3e-05
5;1;5;5.3e-05
5;1;6;6.1e-05
5;1;7;6.9e-05
5;1;8;8.3e-05
5;1;9;9.8e-05
5;1;10;0.000101
5;1;11;0.000108
5;1;12;0.000132
5;1;13;0.000123
5;1;14;0.000134
5;1;15;0.000143
5;2;1;8e-06
5;2;2;3.3e-05
5;2;3;4.3e-05
5;2;4;5.1e-05
5;2;5;6.1e-05
5;2;6;8e-05
5;2;7;7.9e-05
5;2;8;8.7e-05
5;2;9;9.9e-05
5;2;10;0.000132
5;2;11;0.000116
5;2;12;0.000126
5;2;13;0.000133
5;2;14;0.000141
5;2;15;0.000152
5;3;1;8e-06
5;3;2;8e-06
5;3;3;5.1e-05
5;3;4;6.5e-05
5;3;5;7.1e-05
5;3;6;7.9e-05
5;3;7;0.00011
5;3;8;0.000124
5;3;9;0.000122
5;3;10;0.000122
5;3;11;0.000127
5;3;12;0.000135
5;3;13;0.000318
5;3;14;0.000502
5;3;15;0.000517
5;4;1;9e-06
5;4;2;9e-06
5;4;3;5.3e-05
5;4;4;6.8e-05
5;4;5;7.8e-05
5;4;6;0.000136
5;4;7;0.000128
5;4;8;0.000313
5;4;9;0.000178
5;4;10;0.000259
5;4;11;0.000231
5;4;12;0.000357
5;4;13;0.000181
5;4;14;0.000188
5;4;15;0.000191
5;5;1;1.7e-05
5;5;2;9e-06
5;5;3;3.1e-05
5;5;4;9e-06
5;5;5;9.5e-05
5;5;6;0.000174
5;5;7;0.000112
5;5;8;0.000123
5;5;9;0.000291
5;5;10;0.000362
5;5;11;0.000454
5;5;12;0.000432
5;5;13;0.000323
5;5;14;0.000194
5;5;15;0.000265
5;6;1;9e-06
5;6;2;9e-06
5;6;3;9e-06
5;6;4;1e-05
5;6;5;9e-06
5;6;6;0.000122
5;6;7;0.000116
5;6;8;0.000133
5;6;9;0.000142
5;6;10;0.000204
5;6;11;0.000155
5;6;12;0.000165
5;6;13;0.000175
5;6;14;0.000184
5;6;15;0.000193
5;7;1;9e-06
5;7;2;8e-06
5;7;3;8e-06
5;7;4;8e-06
5;7;5;9e-06
5;7;6;8e-06
5;7;7;0.000124
5;7;8;0.000151
5;7;9;0.000144
5;7;10;0.000154
5;7;11;0.000167
5;7;12;0.000174
5;7;13;0.000188
5;7;14;0.000195
5;7;15;0.000204
5;8;1;8e-06
5;8;2;8e-06
5;8;3;1.3e-05
5;8;4;9e-06
5;8;5;9e-06
5;8;6;1e-05
5;8;7;9e-06
5;8;8;0.000146
5;8;9;0.000152
5;8;10;0.000163
5;8;11;0.000173
5;8;12;0.000184
5;8;13;0.000194
5;8;14;0.000204
5;8;15;0.000214
5;9;1;9e-06
5;9;2;8e-06
5;9;3;8e-06
5;9;4;9e-06
5;9;5;9e-06
5;9;6;9e-06
5;9;7;9e-06
5;9;8;9e-06
5;9;9;0.000163
5;9;10;0.000172
5;9;11;0.000184
5;9;12;0.000194
5;9;13;0.000204
5;9;14;0.000216
5;9;15;0.000225
5;10;1;8e-06
5;10;2;9e-06
5;10;3;8e-06
5;10;4;9e-06
5;10;5;9e-06
5;10;6;9e-06
5;10;7;9e-06
5;10;8;1.1e-05
5;10;9;3.7e-05
5;10;10;0.000186
5;10;11;0.000637
5;10;12;0.000612
5;10;13;0.001504
5;10;14;0.000875
5;10;15;0.000946
5;11;1;5.4e-05
5;11;2;1.7e-05
5;11;3;5.2e-05
5;11;4;0.000205
5;11;5;1.6e-05
5;11;6;1.5e-05
5;11;7;2.4e-05
5;11;8;1e-05
5;11;9;2.8e-05
5;11;10;8e-05
5;11;11;0.002202
5;11;12;0.001049
5;11;13;0.000658
5;11;14;0.000407
5;11;15;0.000354
5;12;1;9e-06
5;12;2;5.7e-05
5;12;3;3.6e-05
5;12;4;8e-06
5;12;5;3.1e-05
5;12;6;1.5e-05
5;12;7;9.6e-05
5;12;8;3.9e-05
5;12;9;2.9e-05
5;12;10;1.6e-05
5;12;11;1e-05
5;12;12;0.000294
5;12;13;0.000811
5;12;14;0.000269
5;12;15;0.000307
5;13;1;8e-06
5;13;2;9e-06
5;13;3;8e-06
5;13;4;9e-06
5;13;5;1.4e-05
5;13;6;1e-05
5;13;7;9e-06
5;13;8;3.2e-05
5;13;9;1.4e-05
5;13;10;1.6e-05
5;13;11;1.4e-05
5;13;12;2.3e-05
5;13;13;0.00034
5;13;14;0.000302
5;13;15;0.000491
5;14;1;8e-06
5;14;2;8e-06
5;14;3;8e-06
5;14;4;8e-06
5;14;5;9e-06
5;14;6;1.5e-05
5;14;7;1.8e-05
5;14;8;9e-06
5;14;9;1e-05
5;14;10;1e-05
5;14;11;1e-05
5;14;12;1e-05
5;14;13;9e-06
5;14;14;0.000265
5;14;15;0.000274
5;15;1;8e-06
5;15;2;8e-06
5;15;3;8e-06
5;15;4;8e-06
5;15;5;9e-06
5;15;6;9e-06
5;15;7;9e-06
5;15;8;9e-06
5;15;9;9e-06
5;15;10;9e-06
5;15;11;9e-06
5;15;12;1e-05
5;15;13;1e-05
5;15;14;1e-05
5;15;15;0.000527
6;1;1;2.8e-05
6;1;2;4.3e-05
6;1;3;0.000153
6;1;4;0.000171
6;1;5;0.00017
6;1;6;0.000263
6;1;7;0.000264
6;1;8;9.6e-05
6;1;9;0.00011
6;1;10;0.000111
6;1;11;0.000121
6;1;12;0.000146
6;1;13;0.000249
6;1;14;0.000166
6;1;15;0.000158
6;2;1;9e-06
6;2;2;4.3e-05
6;2;3;5.8e-05
6;2;4;5.9e-05
6;2;5;6.9e-05
6;2;6;7.9e-05
6;2;7;9e-05
6;2;8;0.000105
6;2;9;0.000112
6;2;10;0.000123
6;2;11;0.000132
6;2;12;0.000141
6;2;13;0.00015
6;2;14;0.00016
6;2;15;0.00017
6;3;1;9e-06
6;3;2;9e-06
6;3;3;5.7e-05
6;3;4;6.7e-05
6;3;5;7.9e-05
6;3;6;8.9e-05
6;3;7;9.8e-05
6;3;8;0.000109
6;3;9;0.000122
6;3;10;0.000141
6;3;11;0.000143
6;3;12;0.000158
6;3;13;0.000175
6;3;14;0.00018
6;3;15;0.000187
6;4;1;1e-05
6;4;2;9e-06
6;4;3;1e-05
6;4;4;7.6e-05
6;4;5;8.8e-05
6;4;6;9.7e-05
6;4;7;0.000108
6;4;8;0.000118
6;4;9;0.000132
6;4;10;0.000148
6;4;11;0.000153
6;4;12;0.000167
6;4;13;0.000168
6;4;14;0.00018
6;4;15;0.000189
6;5;1;8e-06
6;5;2;1e-05
6;5;3;9e-06
6;5;4;9e-06
6;5;5;9.6e-05
6;5;6;0.000105
6;5;7;0.000118
6;5;8;0.000128
6;5;9;0.000142
6;5;10;0.000156
6;5;11;0.000164
6;5;12;0.000174
6;5;13;0.000186
6;5;14;0.000197
6;5;15;0.000207
6;6;1;9e-06
6;6;2;9e-06
6;6;3;9e-06
6;6;4;1e-05
6;6;5;1e-05
6;6;6;0.000118
6;6;7;0.000128
6;6;8;0.000139
6;6;9;0.000151
6;6;10;0.000162
6;6;11;0.000174
6;6;12;0.000184
6;6;13;0.000255
6;6;14;0.000207
6;6;15;0.000217
6;7;1;9e-06
6;7;2;9e-06
6;7;3;9e-06
6;7;4;9e-06
6;7;5;9e-06
6;7;6;9e-06
6;7;7;0.000137
6;7;8;0.000177
6;7;9;0.000165
6;7;10;0.000174
6;7;11;0.000186
6;7;12;0.000196
6;7;13;0.000275
6;7;14;0.000225
6;7;15;0.000232
6;8;1;1e-05
6;8;2;9e-06
6;8;3;1e-05
6;8;4;1.9e-05
6;8;5;1.1e-05
6;8;6;1e-05
6;8;7;1e-05
6;8;8;0.000179
6;8;9;0.000172
6;8;10;0.000196
6;8;11;0.000195
6;8;12;0.000205
6;8;13;0.000217
6;8;14;0.000229
6;8;15;0.00024
6;9;1;9e-06
6;9;2;9e-06
6;9;3;1e-05
6;9;4;9e-06
6;9;5;1e-05
6;9;6;9e-06
6;9;7;1e-05
6;9;8;1e-05
6;9;9;0.000183
6;9;10;0.000194
6;9;11;0.000201
6;9;12;0.000217
6;9;13;0.000229
6;9;14;0.000242
6;9;15;0.000251
6;10;1;9e-06
6;10;2;1e-05
6;10;3;9e-06
6;10;4;9e-06
6;10;5;9e-06
6;10;6;1e-05
6;10;7;1e-05
6;10;8;1e-05
6;10;9;1e-05
6;10;10;0.000205
6;10;11;0.000229
6;10;12;0.000227
6;10;13;0.000238
6;10;14;0.00025
6;10;15;0.000263
6;11;1;9e-06
6;11;2;9e-06
6;11;3;1e-05
6;11;4;9e-06
6;11;5;1e-05
6;11;6;1e-05
6;11;7;1e-05
6;11;8;1e-05
6;11;9;1e-05
6;11;10;1e-05
6;11;11;0.000225
6;11;12;0.000231
6;11;13;0.000242
6;11;14;0.000254
6;11;15;0.000267
6;12;1;9e-06
6;12;2;9e-06
6;12;3;9e-06
6;12;4;9e-06
6;12;5;1e-05
6;12;6;9e-06
6;12;7;1e-05
6;12;8;1e-05
6;12;9;1e-05
6;12;10;1e-05
6;12;11;1.1e-05
6;12;12;0.000248
6;12;13;0.00026
6;12;14;0.000272
6;12;15;0.000283
6;13;1;9e-06
6;13;2;9e-06
6;13;3;9e-06
6;13;4;1.5e-05
6;13;5;9e-06
6;13;6;9e-06
6;13;7;1e-05
6;13;8;1e-05
6;13;9;1e-05
6;13;10;1.1e-05
6;13;11;1.1e-05
6;13;12;1.1e-05
6;13;13;0.000279
6;13;14;0.000284
6;13;15;0.000293
6;14;1;1e-05
6;14;2;9e-06
6;14;3;9e-06
6;14;4;9e-06
6;14;5;1e-05
6;14;6;9e-06
6;14;7;1e-05
6;14;8;1e-05
6;14;9;1e-05
6;14;10;1e-05
6;14;11;1e-05
6;14;12;1.1e-05
6;14;13;1.1e-05
6;14;14;0.000297
6;14;15;0.000305
6;15;1;9e-06
6;15;2;9e-06
6;15;3;9e-06
6;15;4;1e-05
6;15;5;1e-05
6;15;6;1e-05
6;15;7;1e-05
6;15;8;1e-05
6;15;9;1e-05
6;15;10;1e-05
6;15;11;1.1e-05
6;15;12;1.1e-05
6;15;13;1e-05
6;15;14;1.1e-05
6;15;15;0.000318
7;1;1;2.2e-05
7;1;2;3.2e-05
7;1;3;4.5e-05
7;1;4;5.4e-05
7;1;5;7.1e-05
7;1;6;8e-05
7;1;7;8.9e-05
7;1;8;0.000103
7;1;9;0.000114
7;1;10;0.000126
7;1;11;0.000136
7;1;12;0.000147
7;1;13;0.000156
7;1;14;0.000212
7;1;15;0.000181
7;2;1;1e-05
7;2;2;4.2e-05
7;2;3;5.3e-05
7;2;4;6.5e-05
7;2;5;7.8e-05
7;2;6;8.7e-05
7;2;7;0.0001
7;2;8;0.000115
7;2;9;0.00013
7;2;10;0.000136
7;2;11;0.000147
7;2;12;0.000157
7;2;13;0.000167
7;2;14;0.000182
7;2;15;0.00019
7;3;1;1e-05
7;3;2;1e-05
7;3;3;6.3e-05
7;3;4;7.5e-05
7;3;5;8.7e-05
7;3;6;9.9e-05
7;3;7;0.000111
7;3;8;0.000122
7;3;9;0.000138
7;3;10;0.000146
7;3;11;0.000158
7;3;12;0.000169
7;3;13;0.000181
7;3;14;0.000196
7;3;15;0.000218
7;4;1;1.3e-05
7;4;2;1e-05
7;4;3;1e-05
7;4;4;8.4e-05
7;4;5;0.0001
7;4;6;0.000121
7;4;7;0.000122
7;4;8;0.000133
7;4;9;0.000148
7;4;10;0.000158
7;4;11;0.000171
7;4;12;0.000181
7;4;13;0.000192
7;4;14;0.000204
7;4;15;0.000217
7;5;1;1e-05
7;5;2;1e-05
7;5;3;1.1e-05
7;5;4;1e-05
7;5;5;0.000109
7;5;6;0.00012
7;5;7;0.000132
7;5;8;0.000143
7;5;9;0.000157
7;5;10;0.000169
7;5;11;0.000181
7;5;12;0.000195
7;5;13;0.000205
7;5;14;0.000218
7;5;15;0.000228
7;6;1;1e-05
7;6;2;1e-05
7;6;3;1e-05
7;6;4;1e-05
7;6;5;1e-05
7;6;6;0.00013
7;6;7;0.000141
7;6;8;0.000154
7;6;9;0.000169
7;6;10;0.00018
7;6;11;0.000193
7;6;12;0.000205
7;6;13;0.000217
7;6;14;0.00025
7;6;15;0.000277
7;7;1;1e-05
7;7;2;1e-05
7;7;3;1e-05
7;7;4;1.1e-05
7;7;5;1.1e-05
7;7;6;1.1e-05
7;7;7;0.000161
7;7;8;0.000164
7;7;9;0.00018
7;7;10;0.00021
7;7;11;0.000204
7;7;12;0.000216
7;7;13;0.000228
7;7;14;0.000237
7;7;15;0.000247
7;8;1;1e-05
7;8;2;1e-05
7;8;3;1.1e-05
7;8;4;1e-05
7;8;5;1.3e-05
7;8;6;1.1e-05
7;8;7;1.1e-05
7;8;8;0.000177
7;8;9;0.000192
7;8;10;0.000239
7;8;11;0.000216
7;8;12;0.000227
7;8;13;0.000237
7;8;14;0.000246
7;8;15;0.00026
7;9;1;1e-05
7;9;2;1e-05
7;9;3;1e-05
7;9;4;1e-05
7;9;5;1.1e-05
7;9;6;1.1e-05
7;9;7;1.2e-05
7;9;8;1.1e-05
7;9;9;0.000203
7;9;10;0.00021
7;9;11;0.000223
7;9;12;0.000235
7;9;13;0.000254
7;9;14;0.000266
7;9;15;0.000278
7;10;1;1e-05
7;10;2;1e-05
7;10;3;1e-05
7;10;4;1.2e-05
7;10;5;1.1e-05
7;10;6;1e-05
7;10;7;1.1e-05
7;10;8;1.1e-05
7;10;9;1.2e-05
7;10;10;0.000227
7;10;11;0.000263
7;10;12;0.000252
7;10;13;0.000264
7;10;14;0.000274
7;10;15;0.000308
7;11;1;1e-05
7;11;2;1e-05
7;11;3;1e-05
7;11;4;1e-05
7;11;5;1.1e-05
7;11;6;1e-05
7;11;7;1.1e-05
7;11;8;1.1e-05
7;11;9;1.1e-05
7;11;10;1.1e-05
7;11;11;0.000249
7;11;12;0.000261
7;11;13;0.000274
7;11;14;0.000288
7;11;15;0.0003
7;12;1;1e-05
7;12;2;1e-05
7;12;3;1e-05
7;12;4;1e-05
7;12;5;1e-05
7;12;6;1.1e-05
7;12;7;1e-05
7;12;8;1e-05
7;12;9;1e-05
7;12;10;1.1e-05
7;12;11;1.2e-05
7;12;12;0.000275
7;12;13;0.000284
7;12;14;0.0003
7;12;15;0.000312
7;13;1;1e-05
7;13;2;1e-05
7;13;3;9e-06
7;13;4;1e-05
7;13;5;1.1e-05
7;13;6;1e-05
7;13;7;1.1e-05
7;13;8;1.1e-05
7;13;9;1.1e-05
7;13;10;1.1e-05
7;13;11;1.2e-05
7;13;12;1.1e-05
7;13;13;0.000427
7;13;14;0.000314
7;13;15;0.000336
7;14;1;1.1e-05
7;14;2;1.1e-05
7;14;3;1.1e-05
7;14;4;1e-05
7;14;5;1.1e-05
7;14;6;1.1e-05
7;14;7;1.1e-05
7;14;8;1.2e-05
7;14;9;1.2e-05
7;14;10;1.1e-05
7;14;11;1.2e-05
7;14;12;1.2e-05
7;14;13;1.2e-05
7;14;14;0.000322
7;14;15;0.000334
7;15;1;1e-05
7;15;2;9e-06
7;15;3;1e-05
7;15;4;2.6e-05
7;15;5;1.1e-05
7;15;6;1.2e-05
7;15;7;1.2e-05
7;15;8;1.1e-05
7;15;9;2.1e-05
7;15;10;1.1e-05
7;15;11;1.1e-05
7;15;12;1.2e-05
7;15;13;1.2e-05
7;15;14;1.2e-05
7;15;15;0.000354
8;1;1;2.6e-05
8;1;2;3.7e-05
8;1;3;5e-05
8;1;4;6.3e-05
8;1;5;7.7e-05
8;1;6;8.7e-05
8;1;7;0.0001
8;1;8;0.000113
8;1;9;0.000129
8;1;10;0.00014
8;1;11;0.000153
8;1;12;0.000166
8;1;13;0.000179
8;1;14;0.000187
8;1;15;0.000199
8;2;1;1.1e-05
8;2;2;4.6e-05
8;2;3;6e-05
8;2;4;7.3e-05
8;2;5;8.6e-05
8;2;6;9.9e-05
8;2;7;0.000112
8;2;8;0.000126
8;2;9;0.00014
8;2;10;0.000154
8;2;11;0.000166
8;2;12;0.000178
8;2;13;0.000189
8;2;14;0.000206
8;2;15;0.000217
8;3;1;1.1e-05
8;3;2;1.2e-05
8;3;3;7.2e-05
8;3;4;8.4e-05
8;3;5;9.8e-05
8;3;6;0.000111
8;3;7;0.000125
8;3;8;0.000137
8;3;9;0.000154
8;3;10;0.000167
8;3;11;0.000179
8;3;12;0.000192
8;3;13;0.000206
8;3;14;0.00022
8;3;15;0.000231
8;4;1;1.1e-05
8;4;2;1.1e-05
8;4;3;1.1e-05
8;4;4;9.5e-05
8;4;5;0.00011
8;4;6;0.000123
8;4;7;0.000137
8;4;8;0.000148
8;4;9;0.000164
8;4;10;0.000179
8;4;11;0.000191
8;4;12;0.000204
8;4;13;0.00022
8;4;14;0.00023
8;4;15;0.000243
8;5;1;1.1e-05
8;5;2;1.1e-05
8;5;3;1.1e-05
8;5;4;1.1e-05
8;5;5;0.000139
8;5;6;0.000133
8;5;7;0.000147
8;5;8;0.000161
8;5;9;0.000207
8;5;10;0.000193
8;5;11;0.000202
8;5;12;0.000225
8;5;13;0.000232
8;5;14;0.000246
8;5;15;0.000265
8;6;1;1.2e-05
8;6;2;1.1e-05
8;6;3;1.1e-05
8;6;4;1.2e-05
8;6;5;1.2e-05
8;6;6;0.000173
8;6;7;0.00016
8;6;8;0.000177
8;6;9;0.000188
8;6;10;0.000202
8;6;11;0.000214
8;6;12;0.000227
8;6;13;0.000242
8;6;14;0.000255
8;6;15;0.00027
8;7;1;1.2e-05
8;7;2;1.1e-05
8;7;3;1.1e-05
8;7;4;1.2e-05
8;7;5;1.1e-05
8;7;6;1.1e-05
8;7;7;0.00017
8;7;8;0.000183
8;7;9;0.0002
8;7;10;0.000214
8;7;11;0.000227
8;7;12;0.00024
8;7;13;0.000254
8;7;14;0.000269
8;7;15;0.000284
8;8;1;1.1e-05
8;8;2;1.1e-05
8;8;3;1.1e-05
8;8;4;1.1e-05
8;8;5;1.1e-05
8;8;6;1.1e-05
8;8;7;1.2e-05
8;8;8;0.000196
8;8;9;0.000211
8;8;10;0.000225
8;8;11;0.000247
8;8;12;0.000258
8;8;13;0.000269
8;8;14;0.000286
8;8;15;0.000297
8;9;1;1.1e-05
8;9;2;1.2e-05
8;9;3;2.1e-05
8;9;4;1.1e-05
8;9;5;1.1e-05
8;9;6;1.1e-05
8;9;7;1.2e-05
8;9;8;1.2e-05
8;9;9;0.000226
8;9;10;0.000241
8;9;11;0.000255
8;9;12;0.000262
8;9;13;0.000275
8;9;14;0.000289
8;9;15;0.000311
8;10;1;1.1e-05
8;10;2;1.1e-05
8;10;3;1.2e-05
8;10;4;1.1e-05
8;10;5;1.2e-05
8;10;6;1.2e-05
8;10;7;1.2e-05
8;10;8;1.2e-05
8;10;9;1.2e-05
8;10;10;0.00025
8;10;11;0.000264
8;10;12;0.000278
8;10;13;0.000292
8;10;14;0.000308
8;10;15;0.000323
8;11;1;1.1e-05
8;11;2;1.2e-05
8;11;3;1.2e-05
8;11;4;1.1e-05
8;11;5;1.1e-05
8;11;6;1.1e-05
8;11;7;1.2e-05
8;11;8;1.2e-05
8;11;9;1.2e-05
8;11;10;1.2e-05
8;11;11;0.000277
8;11;12;0.000291
8;11;13;0.000305
8;11;14;0.000321
8;11;15;0.000356
8;12;1;1.2e-05
8;12;2;1.1e-05
8;12;3;1.1e-05
8;12;4;1.2e-05
8;12;5;1.2e-05
8;12;6;1.2e-05
8;12;7;1.2e-05
8;12;8;1.3e-05
8;12;9;1.2e-05
8;12;10;1.2e-05
8;12;11;1.3e-05
8;12;12;0.000309
8;12;13;0.000319
8;12;14;0.000336
8;12;15;0.000349
8;13;1;1.1e-05
8;13;2;1.1e-05
8;13;3;1.1e-05
8;13;4;1.2e-05
8;13;5;1.1e-05
8;13;6;1.2e-05
8;13;7;1.2e-05
8;13;8;1.2e-05
8;13;9;1.4e-05
8;13;10;1.3e-05
8;13;11;1.2e-05
8;13;12;1.3e-05
8;13;13;0.000334
8;13;14;0.000347
8;13;15;0.000364
8;14;1;1.1e-05
8;14;2;1.1e-05
8;14;3;1.2e-05
8;14;4;1.1e-05
8;14;5;1.2e-05
8;14;6;1.2e-05
8;14;7;1.2e-05
8;14;8;1.2e-05
8;14;9;1.2e-05
8;14;10;1.3e-05
8;14;11;1.2e-05
8;14;12;1.3e-05
8;14;13;1.2e-05
8;14;14;0.000359
8;14;15;0.000375
8;15;1;1.1e-05
8;15;2;1.2e-05
8;15;3;1.1e-05
8;15;4;1.1e-05
8;15;5;1.1e-05
8;15;6;1.2e-05
8;15;7;1.2e-05
8;15;8;1.2e-05
8;15;9;1.2e-05
8;15;10;1.2e-05
8;15;11;1.2e-05
8;15;12;1.2e-05
8;15;13;1.3e-05
8;15;14;1.3e-05
8;15;15;0.000388
9;1;1;2.5e-05
9;1;2;4e-05
9;1;3;5.4e-05
9;1;4;6.7e-05
9;1;5;8.4e-05
9;1;6;9.6e-05
9;1;7;0.000111
9;1;8;0.000124
9;1;9;0.000141
9;1;10;0.000153
9;1;11;0.000168
9;1;12;0.000184
9;1;13;0.000194
9;1;14;0.000207
9;1;15;0.00022
9;2;1;1.2e-05
9;2;2;5.2e-05
9;2;3;6.6e-05
9;2;4;7.9e-05
9;2;5;9.5e-05
9;2;6;0.000109
9;2;7;0.000123
9;2;8;0.000137
9;2;9;0.000155
9;2;10;0.000169
9;2;11;0.000182
9;2;12;0.000195
9;2;13;0.000208
9;2;14;0.00022
9;2;15;0.000236
9;3;1;1.3e-05
9;3;2;1.2e-05
9;3;3;7.7e-05
9;3;4;9e-05
9;3;5;0.000105
9;3;6;0.000119
9;3;7;0.000136
9;3;8;0.000151
9;3;9;0.000164
9;3;10;0.000182
9;3;11;0.000195
9;3;12;0.000211
9;3;13;0.000223
9;3;14;0.000269
9;3;15;0.000632
9;4;1;1.3e-05
9;4;2;1.2e-05
9;4;3;1.4e-05
9;4;4;0.000106
9;4;5;0.000119
9;4;6;0.000133
9;4;7;0.000148
9;4;8;0.000163
9;4;9;0.000178
9;4;10;0.000194
9;4;11;0.000207
9;4;12;0.000222
9;4;13;0.000236
9;4;14;0.000251
9;4;15;0.000266
9;5;1;1.3e-05
9;5;2;1.2e-05
9;5;3;1.2e-05
9;5;4;1.3e-05
9;5;5;0.000132
9;5;6;0.000147
9;5;7;0.000171
9;5;8;0.000197
9;5;9;0.000309
9;5;10;0.000355
9;5;11;0.00024
9;5;12;0.000247
9;5;13;0.000261
9;5;14;0.000267
9;5;15;0.00028
9;6;1;1.3e-05
9;6;2;1.2e-05
9;6;3;1.2e-05
9;6;4;1.3e-05
9;6;5;1.3e-05
9;6;6;0.00016
9;6;7;0.000174
9;6;8;0.000188
9;6;9;0.000204
9;6;10;0.00022
9;6;11;0.000234
9;6;12;0.000251
9;6;13;0.000265
9;6;14;0.000278
9;6;15;0.000294
9;7;1;1.3e-05
9;7;2;1.2e-05
9;7;3;1.2e-05
9;7;4;1.3e-05
9;7;5;1.2e-05
9;7;6;1.2e-05
9;7;7;0.000186
9;7;8;0.0002
9;7;9;0.000217
9;7;10;0.000233
9;7;11;0.000247
9;7;12;0.000261
9;7;13;0.000277
9;7;14;0.000293
9;7;15;0.000307
9;8;1;1.2e-05
9;8;2;1.2e-05
9;8;3;1.2e-05
9;8;4;1.2e-05
9;8;5;1.2e-05
9;8;6;1.3e-05
9;8;7;1.2e-05
9;8;8;0.000212
9;8;9;0.00023
9;8;10;0.000247
9;8;11;0.000259
9;8;12;0.000275
9;8;13;0.000293
9;8;14;0.000305
9;8;15;0.000321
9;9;1;1.2e-05
9;9;2;1.2e-05
9;9;3;1.3e-05
9;9;4;1.2e-05
9;9;5;1.3e-05
9;9;6;1.2e-05
9;9;7;1.3e-05
9;9;8;1.5e-05
9;9;9;0.000309
9;9;10;0.000267
9;9;11;0.000276
9;9;12;0.000288
9;9;13;0.000305
9;9;14;0.00032
9;9;15;0.000336
9;10;1;1.2e-05
9;10;2;1.2e-05
9;10;3;1.2e-05
9;10;4;1.3e-05
9;10;5;1.3e-05
9;10;6;1.3e-05
9;10;7;1.3e-05
9;10;8;1.3e-05
9;10;9;1.3e-05
9;10;10;0.000274
9;10;11;0.000287
9;10;12;0.000391
9;10;13;0.000436
9;10;14;0.00044
9;10;15;0.000362
9;11;1;1.3e-05
9;11;2;1.2e-05
9;11;3;1.3e-05
9;11;4;1.3e-05
9;11;5;1.2e-05
9;11;6;1.3e-05
9;11;7;1.2e-05
9;11;8;1.2e-05
9;11;9;1.3e-05
9;11;10;1.3e-05
9;11;11;0.000301
9;11;12;0.000315
9;11;13;0.00033
9;11;14;0.000339
9;11;15;0.000354
9;12;1;1.2e-05
9;12;2;1.2e-05
9;12;3;1.2e-05
9;12;4;1.2e-05
9;12;5;1.2e-05
9;12;6;1.2e-05
9;12;7;1.2e-05
9;12;8;1.3e-05
9;12;9;1.3e-05
9;12;10;1.4e-05
9;12;11;1.3e-05
9;12;12;0.000332
9;12;13;0.000346
9;12;14;0.000362
9;12;15;0.000377
9;13;1;1.2e-05
9;13;2;1.2e-05
9;13;3;1.2e-05
9;13;4;1.2e-05
9;13;5;1.2e-05
9;13;6;1.3e-05
9;13;7;1.2e-05
9;13;8;1.2e-05
9;13;9;1.3e-05
9;13;10;1.3e-05
9;13;11;1.3e-05
9;13;12;2.1e-05
9;13;13;0.000614
9;13;14;0.000382
9;13;15;0.000393
9;14;1;1.2e-05
9;14;2;1.2e-05
9;14;3;1.2e-05
9;14;4;1.2e-05
9;14;5;1.2e-05
9;14;6;1.2e-05
9;14;7;1.3e-05
9;14;8;1.3e-05
9;14;9;1.3e-05
9;14;10;1.3e-05
9;14;11;1.3e-05
9;14;12;1.3e-05
9;14;13;1.3e-05
9;14;14;0.000388
9;14;15;0.000404
9;15;1;1.2e-05
9;15;2;1.2e-05
9;15;3;1.3e-05
9;15;4;1.2e-05
9;15;5;1.2e-05
9;15;6;1.3e-05
9;15;7;1.2e-05
9;15;8;1.3e-05
9;15;9;1.2e-05
9;15;10;1.3e-05
9;15;11;1.3e-05
9;15;12;1.3e-05
9;15;13;1.3e-05
9;15;14;1.4e-05
9;15;15;0.000418
10;1;1;3.1e-05
10;1;2;4.2e-05
10;1;3;5.9e-05
10;1;4;7.3e-05
10;1;5;9.1e-05
10;1;6;0.000105
10;1;7;0.000118
10;1;8;0.000134
10;1;9;0.000153
10;1;10;0.000168
10;1;11;0.000182
10;1;12;0.000197
10;1;13;0.000215
10;1;14;0.000225
10;1;15;0.00024
10;2;1;1.3e-05
10;2;2;5.6e-05
10;2;3;7.1e-05
10;2;4;8.7e-05
10;2;5;0.000112
10;2;6;0.000119
10;2;7;0.000134
10;2;8;0.000148
10;2;9;0.000166
10;2;10;0.000183
10;2;11;0.000196
10;2;12;0.000211
10;2;13;0.000243
10;2;14;0.000242
10;2;15;0.000287
10;3;1;1.3e-05
10;3;2;1.3e-05
10;3;3;8.5e-05
10;3;4;0.000117
10;3;5;0.000123
10;3;6;0.000223
10;3;7;0.000197
10;3;8;0.000164
10;3;9;0.000182
10;3;10;0.000197
10;3;11;0.00021
10;3;12;0.000227
10;3;13;0.000243
10;3;14;0.000258
10;3;15;0.000272
10;4;1;1.3e-05
10;4;2;1.3e-05
10;4;3;1.3e-05
10;4;4;0.00011
10;4;5;0.000126
10;4;6;0.000142
10;4;7;0.000156
10;4;8;0.000176
10;4;9;0.000195
10;4;10;0.000207
10;4;11;0.000227
10;4;12;0.00024
10;4;13;0.000251
10;4;14;0.000273
10;4;15;0.000284
10;5;1;1.3e-05
10;5;2;1.3e-05
10;5;3;1.4e-05
10;5;4;1.4e-05
10;5;5;0.000142
10;5;6;0.000157
10;5;7;0.000173
10;5;8;0.00019
10;5;9;0.000207
10;5;10;0.000224
10;5;11;0.000241
10;5;12;0.000256
10;5;13;0.000271
10;5;14;0.000286
10;5;15;0.000304
10;6;1;1.3e-05
10;6;2;1.3e-05
10;6;3;1.9e-05
10;6;4;1.4e-05
10;6;5;1.4e-05
10;6;6;0.000174
10;6;7;0.000189
10;6;8;0.000208
10;6;9;0.000223
10;6;10;0.000239
10;6;11;0.000255
10;6;12;0.000272
10;6;13;0.000288
10;6;14;0.000304
10;6;15;0.000319
10;7;1;1.3e-05
10;7;2;1.3e-05
10;7;3;1.3e-05
10;7;4;1.3e-05
10;7;5;1.3e-05
10;7;6;1.3e-05
10;7;7;0.000204
10;7;8;0.000217
10;7;9;0.000438
10;7;10;0.000268
10;7;11;0.000287
10;7;12;0.000285
10;7;13;0.000324
10;7;14;0.000345
10;7;15;0.000388
10;8;1;1.3e-05
10;8;2;1.7e-05
10;8;3;1.4e-05
10;8;4;1.4e-05
10;8;5;1.4e-05
10;8;6;1.4e-05
10;8;7;1.4e-05
10;8;8;0.000231
10;8;9;0.00025
10;8;10;0.000266
10;8;11;0.000282
10;8;12;0.000298
10;8;13;0.000317
10;8;14;0.000333
10;8;15;0.000348
10;9;1;1.3e-05
10;9;2;1.3e-05
10;9;3;1.3e-05
10;9;4;1.3e-05
10;9;5;1.3e-05
10;9;6;1.3e-05
10;9;7;1.3e-05
10;9;8;1.4e-05
10;9;9;0.000264
10;9;10;0.00028
10;9;11;0.000296
10;9;12;0.000314
10;9;13;0.00033
10;9;14;0.000349
10;9;15;0.000364
10;10;1;1.3e-05
10;10;2;1.3e-05
10;10;3;1.4e-05
10;10;4;1.3e-05
10;10;5;1.3e-05
10;10;6;1.4e-05
10;10;7;1.3e-05
10;10;8;1.4e-05
10;10;9;1.4e-05
10;10;10;0.000295
10;10;11;0.000311
10;10;12;0.000327
10;10;13;0.000336
10;10;14;0.000471
10;10;15;0.000387
10;11;1;1.3e-05
10;11;2;1.3e-05
10;11;3;1.3e-05
10;11;4;1.3e-05
10;11;5;1.4e-05
10;11;6;1.3e-05
10;11;7;1.3e-05
10;11;8;1.3e-05
10;11;9;1.4e-05
10;11;10;1.4e-05
10;11;11;0.000325
10;11;12;0.000342
10;11;13;0.000359
10;11;14;0.000375
10;11;15;0.000392
10;12;1;1.3e-05
10;12;2;1.3e-05
10;12;3;1.3e-05
10;12;4;1.3e-05
10;12;5;1.3e-05
10;12;6;1.3e-05
10;12;7;1.3e-05
10;12;8;1.4e-05
10;12;9;1.4e-05
10;12;10;1.4e-05
10;12;11;1.5e-05
10;12;12;0.000355
10;12;13;0.000372
10;12;14;0.000389
10;12;15;0.000407
10;13;1;1.3e-05
10;13;2;1.3e-05
10;13;3;1.3e-05
10;13;4;1.4e-05
10;13;5;1.4e-05
10;13;6;1.4e-05
10;13;7;1.3e-05
10;13;8;1.4e-05
10;13;9;1.4e-05
10;13;10;1.4e-05
10;13;11;1.4e-05
10;13;12;1.4e-05
10;13;13;0.000415
10;13;14;0.000406
10;13;15;0.00042
10;14;1;1.3e-05
10;14;2;1.3e-05
10;14;3;1.3e-05
10;14;4;1.3e-05
10;14;5;1.4e-05
10;14;6;1.4e-05
10;14;7;1.4e-05
10;14;8;1.4e-05
10;14;9;1.4e-05
10;14;10;1.4e-05
10;14;11;1.4e-05
10;14;12;1.5e-05
10;14;13;1.4e-05
10;14;14;0.000419
10;14;15;0.000435
10;15;1;1.3e-05
10;15;2;1.2e-05
10;15;3;1.3e-05
10;15;4;1.3e-05
10;15;5;1.4e-05
10;15;6;1.3e-05
10;15;7;1.4e-05
10;15;8;1.4e-05
10;15;9;1.4e-05
10;15;10;1.4e-05
10;15;11;1.5e-05
10;15;12;1.4e-05
10;15;13;1.5e-05
10;15;14;1.4e-05
10;15;15;0.000513
11;1;1;3.1e-05
11;1;2;4.6e-05
11;1;3;6.3e-05
11;1;4;7.9e-05
11;1;5;0.0001
11;1;6;0.000113
11;1;7;0.000127
11;1;8;0.000146
11;1;9;0.000159
11;1;10;0.000181
11;1;11;0.000196
11;1;12;0.000211
11;1;13;0.000226
11;1;14;0.00024
11;1;15;0.000257
11;2;1;1.4e-05
11;2;2;6e-05
11;2;3;7.6e-05
11;2;4;9.3e-05
11;2;5;0.00011
11;2;6;0.000127
11;2;7;0.000143
11;2;8;0.000159
11;2;9;0.000177
11;2;10;0.000193
11;2;11;0.00021
11;2;12;0.000226
11;2;13;0.00024
11;2;14;0.000257
11;2;15;0.000275
11;3;1;1.4e-05
11;3;2;1.4e-05
11;3;3;9.1e-05
11;3;4;0.000107
11;3;5;0.000123
11;3;6;0.000144
11;3;7;0.000157
11;3;8;0.000173
11;3;9;0.000191
11;3;10;0.000209
11;3;11;0.000221
11;3;12;0.000241
11;3;13;0.00026
11;3;14;0.000272
11;3;15;0.000294
11;4;1;1.6e-05
11;4;2;1.3e-05
11;4;3;1.5e-05
11;4;4;0.000121
11;4;5;0.000138
11;4;6;0.000155
11;4;7;0.000174
11;4;8;0.000191
11;4;9;0.00021
11;4;10;0.000223
11;4;11;0.000244
11;4;12;0.000256
11;4;13;0.000292
11;4;14;0.000291
11;4;15;0.000309
11;5;1;1.6e-05
11;5;2;2.2e-05
11;5;3;1.5e-05
11;5;4;1.4e-05
11;5;5;0.000155
11;5;6;0.00017
11;5;7;0.000186
11;5;8;0.000202
11;5;9;0.00022
11;5;10;0.00032
11;5;11;0.000256
11;5;12;0.000274
11;5;13;0.000289
11;5;14;0.000307
11;5;15;0.000323
11;6;1;1.4e-05
11;6;2;1.3e-05
11;6;3;1.4e-05
11;6;4;1.4e-05
11;6;5;1.4e-05
11;6;6;0.000182
11;6;7;0.000199
11;6;8;0.000215
11;6;9;0.000231
11;6;10;0.000247
11;6;11;0.000271
11;6;12;0.000288
11;6;13;0.000305
11;6;14;0.000321
11;6;15;0.000339
11;7;1;1.4e-05
11;7;2;1.4e-05
11;7;3;1.4e-05
11;7;4;1.4e-05
11;7;5;1.4e-05
11;7;6;1.5e-05
11;7;7;0.000223
11;7;8;0.000233
11;7;9;0.000317
11;7;10;0.000373
11;7;11;0.000388
11;7;12;0.00032
11;7;13;0.000322
11;7;14;0.000335
11;7;15;0.000353
11;8;1;1.4e-05
11;8;2;1.3e-05
11;8;3;1.4e-05
11;8;4;1.4e-05
11;8;5;1.4e-05
11;8;6;1.5e-05
11;8;7;1.5e-05
11;8;8;0.000286
11;8;9;0.000267
11;8;10;0.000284
11;8;11;0.000311
11;8;12;0.00032
11;8;13;0.000408
11;8;14;0.000356
11;8;15;0.000372
11;9;1;1.4e-05
11;9;2;1.4e-05
11;9;3;1.4e-05
11;9;4;1.4e-05
11;9;5;1.4e-05
11;9;6;1.4e-05
11;9;7;1.5e-05
11;9;8;1.5e-05
11;9;9;0.000282
11;9;10;0.000299
11;9;11;0.000317
11;9;12;0.000335
11;9;13;0.000353
11;9;14;0.000371
11;9;15;0.000389
11;10;1;1.3e-05
11;10;2;1.3e-05
11;10;3;1.4e-05
11;10;4;1.4e-05
11;10;5;1.4e-05
11;10;6;1.4e-05
11;10;7;1.5e-05
11;10;8;1.5e-05
11;10;9;1.5e-05
11;10;10;0.000314
11;10;11;0.000332
11;10;12;0.000368
11;10;13;0.00037
11;10;14;0.000386
11;10;15;0.000404
11;11;1;1.4e-05
11;11;2;1.4e-05
11;11;3;1.3e-05
11;11;4;1.4e-05
11;11;5;1.5e-05
11;11;6;1.5e-05
11;11;7;1.5e-05
11;11;8;1.5e-05
11;11;9;1.5e-05
11;11;10;1.5e-05
11;11;11;0.000347
11;11;12;0.000364
11;11;13;0.000381
11;11;14;0.0004
11;11;15;0.000419
11;12;1;1.4e-05
11;12;2;1.5e-05
11;12;3;1.4e-05
11;12;4;1.4e-05
11;12;5;1.4e-05
11;12;6;1.4e-05
11;12;7;1.4e-05
11;12;8;1.4e-05
11;12;9;1.5e-05
11;12;10;1.5e-05
11;12;11;1.5e-05
11;12;12;0.00038
11;12;13;0.000397
11;12;14;0.000414
11;12;15;0.000435
11;13;1;1.4e-05
11;13;2;1.4e-05
11;13;3;1.4e-05
11;13;4;1.4e-05
11;13;5;1.4e-05
11;13;6;1.4e-05
11;13;7;1.4e-05
11;13;8;1.4e-05
11;13;9;1.5e-05
11;13;10;1.5e-05
11;13;11;1.5e-05
11;13;12;1.5e-05
11;13;13;0.000411
11;13;14;0.000427
11;13;15;0.000447
11;14;1;1.3e-05
11;14;2;1.4e-05
11;14;3;1.3e-05
11;14;4;1.4e-05
11;14;5;1.4e-05
11;14;6;1.5e-05
11;14;7;1.6e-05
11;14;8;1.5e-05
11;14;9;1.5e-05
11;14;10;1.5e-05
11;14;11;1.5e-05
11;14;12;1.5e-05
11;14;13;1.6e-05
11;14;14;0.000447
11;14;15;0.000467
11;15;1;1.4e-05
11;15;2;1.4e-05
11;15;3;1.4e-05
11;15;4;1.4e-05
11;15;5;1.4e-05
11;15;6;1.4e-05
11;15;7;1.4e-05
11;15;8;1.5e-05
11;15;9;1.5e-05
11;15;10;1.5e-05
11;15;11;1.5e-05
11;15;12;1.5e-05
11;15;13;1.6e-05
11;15;14;1.6e-05
11;15;15;0.000482
12;1;1;3.3e-05
12;1;2;5.1e-05
12;1;3;6.9e-05
12;1;4;8.8e-05
12;1;5;0.000107
12;1;6;0.000123
12;1;7;0.00014
12;1;8;0.000159
12;1;9;0.000182
12;1;10;0.000198
12;1;11;0.000216
12;1;12;0.000232
12;1;13;0.000273
12;1;14;0.000268
12;1;15;0.000284
12;2;1;1.5e-05
12;2;2;6.6e-05
12;2;3;8.4e-05
12;2;4;0.000101
12;2;5;0.000121
12;2;6;0.000139
12;2;7;0.000156
12;2;8;0.000173
12;2;9;0.000195
12;2;10;0.000214
12;2;11;0.000232
12;2;12;0.000248
12;2;13;0.000263
12;2;14;0.000283
12;2;15;0.000302
12;3;1;1.5e-05
12;3;2;1.5e-05
12;3;3;9.8e-05
12;3;4;0.000117
12;3;5;0.000137
12;3;6;0.000155
12;3;7;0.000172
12;3;8;0.000191
12;3;9;0.000211
12;3;10;0.000229
12;3;11;0.000249
12;3;12;0.000266
12;3;13;0.000284
12;3;14;0.000303
12;3;15;0.000322
12;4;1;1.5e-05
12;4;2;1.5e-05
12;4;3;1.5e-05
12;4;4;0.000131
12;4;5;0.000152
12;4;6;0.00017
12;4;7;0.00019
12;4;8;0.000257
12;4;9;0.00028
12;4;10;0.000354
12;4;11;0.000458
12;4;12;0.000704
12;4;13;0.00045
12;4;14;0.000339
12;4;15;0.000352
12;5;1;1.6e-05
12;5;2;1.6e-05
12;5;3;2.8e-05
12;5;4;1.6e-05
12;5;5;0.000168
12;5;6;0.000185
12;5;7;0.000205
12;5;8;0.000224
12;5;9;0.000405
12;5;10;0.001228
12;5;11;0.000305
12;5;12;0.000321
12;5;13;0.000327
12;5;14;0.000338
12;5;15;0.000363
12;6;1;1.5e-05
12;6;2;1.5e-05
12;6;3;1.5e-05
12;6;4;1.5e-05
12;6;5;1.5e-05
12;6;6;0.000291
12;6;7;0.000293
12;6;8;0.000418
12;6;9;0.000331
12;6;10;0.000487
12;6;11;0.000378
12;6;12;0.000355
12;6;13;0.000455
12;6;14;0.000403
12;6;15;0.00078
12;7;1;1.5e-05
12;7;2;2.1e-05
12;7;3;2.4e-05
12;7;4;1.6e-05
12;7;5;2.2e-05
12;7;6;3.3e-05
12;7;7;0.000345
12;7;8;0.000372
12;7;9;0.000282
12;7;10;0.000306
12;7;11;0.000314
12;7;12;0.000335
12;7;13;0.000353
12;7;14;0.000371
12;7;15;0.00039
12;8;1;1.6e-05
12;8;2;1.5e-05
12;8;3;1.5e-05
12;8;4;1.5e-05
12;8;5;1.6e-05
12;8;6;1.6e-05
12;8;7;1.5e-05
12;8;8;0.000268
12;8;9;0.000297
12;8;10;0.00031
12;8;11;0.000331
12;8;12;0.000351
12;8;13;0.000384
12;8;14;0.000442
12;8;15;0.00056
12;9;1;1.5e-05
12;9;2;1.9e-05
12;9;3;1.5e-05
12;9;4;1.6e-05
12;9;5;1.6e-05
12;9;6;1.6e-05
12;9;7;1.7e-05
12;9;8;1.6e-05
12;9;9;0.000307
12;9;10;0.000364
12;9;11;0.000352
12;9;12;0.000366
12;9;13;0.000384
12;9;14;0.000404
12;9;15;0.00053
12;10;1;1.5e-05
12;10;2;1.5e-05
12;10;3;1.5e-05
12;10;4;1.6e-05
12;10;5;1.6e-05
12;10;6;1.5e-05
12;10;7;1.6e-05
12;10;8;1.6e-05
12;10;9;1.6e-05
12;10;10;0.000341
12;10;11;0.000361
12;10;12;0.000381
12;10;13;0.000402
12;10;14;0.000421
12;10;15;0.000436
12;11;1;1.4e-05
12;11;2;1.5e-05
12;11;3;1.5e-05
12;11;4;1.5e-05
12;11;5;1.5e-05
12;11;6;1.5e-05
12;11;7;1.5e-05
12;11;8;1.6e-05
12;11;9;1.6e-05
12;11;10;1.6e-05
12;11;11;0.000377
12;11;12;0.000396
12;11;13;0.000417
12;11;14;0.000435
12;11;15;0.000456
12;12;1;1.5e-05
12;12;2;1.5e-05
12;12;3;1.5e-05
12;12;4;1.6e-05
12;12;5;1.5e-05
12;12;6;1.5e-05
12;12;7;1.6e-05
12;12;8;1.5e-05
12;12;9;1.6e-05
12;12;10;1.6e-05
12;12;11;1.7e-05
12;12;12;0.000413
12;12;13;0.000434
12;12;14;0.000452
12;12;15;0.000473
12;13;1;1.5e-05
12;13;2;1.5e-05
12;13;3;1.5e-05
12;13;4;1.9e-05
12;13;5;1.7e-05
12;13;6;1.5e-05
12;13;7;1.6e-05
12;13;8;1.6e-05
12;13;9;1.6e-05
12;13;10;1.6e-05
12;13;11;1.7e-05
12;13;12;1.7e-05
12;13;13;0.000454
12;13;14;0.000474
12;13;15;0.000489
12;14;1;1.6e-05
12;14;2;1.5e-05
12;14;3;1.5e-05
12;14;4;2.6e-05
12;14;5;1.6e-05
12;14;6;2.4e-05
12;14;7;3.4e-05
12;14;8;1.7e-05
12;14;9;1.7e-05
12;14;10;1.8e-05
12;14;11;1.6e-05
12;14;12;3.2e-05
12;14;13;4.3e-05
12;14;14;0.001128
12;14;15;0.000572
12;15;1;1.6e-05
12;15;2;1.5e-05
12;15;3;1.6e-05
12;15;4;1.6e-05
12;15;5;1.5e-05
12;15;6;1.5e-05
12;15;7;1.7e-05
12;15;8;7.1e-05
12;15;9;3.7e-05
12;15;10;1.7e-05
12;15;11;1.7e-05
12;15;12;1.7e-05
12;15;13;1.7e-05
12;15;14;2.2e-05
12;15;15;0.000816
13;1;1;5.6e-05
13;1;2;8.6e-05
13;1;3;0.000132
13;1;4;0.000202
13;1;5;0.000205
13;1;6;0.000248
13;1;7;0.00048
13;1;8;0.000267
13;1;9;0.000196
13;1;10;0.000249
13;1;11;0.000251
13;1;12;0.000316
13;1;13;0.00037
13;1;14;0.000523
13;1;15;0.000386
13;2;1;1.6e-05
13;2;2;6.9e-05
13;2;3;9.6e-05
13;2;4;0.000139
13;2;5;0.000131
13;2;6;0.000151
13;2;7;0.000168
13;2;8;0.000299
13;2;9;0.000301
13;2;10;0.000252
13;2;11;0.000312
13;2;12;0.000355
13;2;13;0.000339
13;2;14;0.000324
13;2;15;0.000363
13;3;1;1.6e-05
13;3;2;1.6e-05
13;3;3;0.000172
13;3;4;0.000125
13;3;5;0.000158
13;3;6;0.00017
13;3;7;0.000185
13;3;8;0.000203
13;3;9;0.000233
13;3;10;0.000248
13;3;11;0.000267
13;3;12;0.000283
13;3;13;0.000302
13;3;14;0.000322
13;3;15;0.000341
13;4;1;1.6e-05
13;4;2;1.5e-05
13;4;3;1.6e-05
13;4;4;0.000137
13;4;5;0.00016
13;4;6;0.00018
13;4;7;0.000261
13;4;8;0.000221
13;4;9;0.000241
13;4;10;0.000261
13;4;11;0.00028
13;4;12;0.000299
13;4;13;0.000319
13;4;14;0.00034
13;4;15;0.00036
13;5;1;1.6e-05
13;5;2;1.6e-05
13;5;3;1.6e-05
13;5;4;1.6e-05
13;5;5;0.000177
13;5;6;0.000284
13;5;7;0.000222
13;5;8;0.000243
13;5;9;0.000408
13;5;10;0.000283
13;5;11;0.0003
13;5;12;0.000362
13;5;13;0.000365
13;5;14;0.000373
13;5;15;0.000527
13;6;1;1.7e-05
13;6;2;2e-05
13;6;3;1.6e-05
13;6;4;1.7e-05
13;6;5;1.7e-05
13;6;6;0.000321
13;6;7;0.000255
13;6;8;0.000449
13;6;9;0.000277
13;6;10;0.000402
13;6;11;0.000336
13;6;12;0.00034
13;6;13;0.000359
13;6;14;0.000378
13;6;15;0.000564
13;7;1;1.7e-05
13;7;2;1.7e-05
13;7;3;1.6e-05
13;7;4;1.6e-05
13;7;5;1.6e-05
13;7;6;1.6e-05
13;7;7;0.000251
13;7;8;0.000444
13;7;9;0.000309
13;7;10;0.000316
13;7;11;0.000336
13;7;12;0.000355
13;7;13;0.000377
13;7;14;0.000399
13;7;15;0.000417
13;8;1;1.6e-05
13;8;2;1.6e-05
13;8;3;1.6e-05
13;8;4;1.6e-05
13;8;5;1.6e-05
13;8;6;1.7e-05
13;8;7;1.6e-05
13;8;8;0.000288
13;8;9;0.00031
13;8;10;0.000329
13;8;11;0.000349
13;8;12;0.00037
13;8;13;0.000391
13;8;14;0.000412
13;8;15;0.000435
13;9;1;1.7e-05
13;9;2;1.6e-05
13;9;3;1.6e-05
13;9;4;1.6e-05
13;9;5;1.6e-05
13;9;6;1.7e-05
13;9;7;1.7e-05
13;9;8;1.7e-05
13;9;9;0.000326
13;9;10;0.000349
13;9;11;0.00037
13;9;12;0.000392
13;9;13;0.000415
13;9;14;0.000516
13;9;15;0.000538
13;10;1;1.6e-05
13;10;2;1.6e-05
13;10;3;1.6e-05
13;10;4;1.7e-05
13;10;5;1.7e-05
13;10;6;1.8e-05
13;10;7;7.2e-05
13;10;8;1.9e-05
13;10;9;1.7e-05
13;10;10;0.000535
13;10;11;0.000389
13;10;12;0.001114
13;10;13;0.000437
13;10;14;0.000445
13;10;15;0.000469
13;11;1;1.7e-05
13;11;2;1.6e-05
13;11;3;1.5e-05
13;11;4;1.6e-05
13;11;5;1.6e-05
13;11;6;1.5e-05
13;11;7;1.7e-05
13;11;8;1.6e-05
13;11;9;1.6e-05
13;11;10;1.7e-05
13;11;11;0.000396
13;11;12;0.000423
13;11;13;0.000447
13;11;14;0.000464
13;11;15;0.000483
13;12;1;1.6e-05
13;12;2;1.6e-05
13;12;3;1.5e-05
13;12;4;1.6e-05
13;12;5;1.6e-05
13;12;6;1.6e-05
13;12;7;1.6e-05
13;12;8;1.6e-05
13;12;9;1.7e-05
13;12;10;1.7e-05
13;12;11;1.7e-05
13;12;12;0.000438
13;12;13;0.000458
13;12;14;0.000484
13;12;15;0.000525
13;13;1;1.6e-05
13;13;2;1.6e-05
13;13;3;1.6e-05
13;13;4;1.6e-05
13;13;5;1.9e-05
13;13;6;1.7e-05
13;13;7;1.7e-05
13;13;8;1.7e-05
13;13;9;1.7e-05
13;13;10;1.7e-05
13;13;11;1.7e-05
13;13;12;1.8e-05
13;13;13;0.00048
13;13;14;0.000501
13;13;15;0.000516
13;14;1;1.6e-05
13;14;2;1.6e-05
13;14;3;1.6e-05
13;14;4;1.6e-05
13;14;5;1.6e-05
13;14;6;1.6e-05
13;14;7;1.7e-05
13;14;8;1.7e-05
13;14;9;1.7e-05
13;14;10;1.7e-05
13;14;11;1.8e-05
13;14;12;1.7e-05
13;14;13;1.8e-05
13;14;14;0.000645
13;14;15;0.000545
13;15;1;1.6e-05
13;15;2;1.7e-05
13;15;3;1.6e-05
13;15;4;1.7e-05
13;15;5;1.6e-05
13;15;6;1.7e-05
13;15;7;1.7e-05
13;15;8;1.7e-05
13;15;9;1.7e-05
13;15;10;1.7e-05
13;15;11;1.7e-05
13;15;12;1.7e-05
13;15;13;1.7e-05
13;15;14;1.8e-05
13;15;15;0.000549
14;1;1;3.7e-05
14;1;2;5.7e-05
14;1;3;7.9e-05
14;1;4;0.000101
14;1;5;0.000121
14;1;6;0.000141
14;1;7;0.000239
14;1;8;0.000182
14;1;9;0.000205
14;1;10;0.000234
14;1;11;0.000247
14;1;12;0.000266
14;1;13;0.000295
14;1;14;0.00031
14;1;15;0.000326
14;2;1;1.7e-05
14;2;2;7.5e-05
14;2;3;9.6e-05
14;2;4;0.000116
14;2;5;0.000139
14;2;6;0.00016
14;2;7;0.000215
14;2;8;0.000266
14;2;9;0.000225
14;2;10;0.000242
14;2;11;0.00026
14;2;12;0.000276
14;2;13;0.000297
14;2;14;0.000316
14;2;15;0.000335
14;3;1;1.6e-05
14;3;2;1.6e-05
14;3;3;0.000108
14;3;4;0.000134
14;3;5;0.000156
14;3;6;0.000208
14;3;7;0.000199
14;3;8;0.000219
14;3;9;0.000258
14;3;10;0.000264
14;3;11;0.000288
14;3;12;0.000305
14;3;13;0.000325
14;3;14;0.000348
14;3;15;0.000367
14;4;1;1.7e-05
14;4;2;1.7e-05
14;4;3;1.7e-05
14;4;4;0.00015
14;4;5;0.000172
14;4;6;0.000193
14;4;7;0.000228
14;4;8;0.000236
14;4;9;0.000259
14;4;10;0.000282
14;4;11;0.0003
14;4;12;0.000322
14;4;13;0.000458
14;4;14;0.000367
14;4;15;0.000442
14;5;1;1.7e-05
14;5;2;1.7e-05
14;5;3;1.7e-05
14;5;4;1.7e-05
14;5;5;0.000188
14;5;6;0.000211
14;5;7;0.000232
14;5;8;0.000253
14;5;9;0.000278
14;5;10;0.000302
14;5;11;0.000322
14;5;12;0.000364
14;5;13;0.000371
14;5;14;0.000572
14;5;15;0.000443
14;6;1;1.8e-05
14;6;2;1.7e-05
14;6;3;1.7e-05
14;6;4;1.8e-05
14;6;5;1.7e-05
14;6;6;0.000229
14;6;7;0.000252
14;6;8;0.000267
14;6;9;0.000289
14;6;10;0.000309
14;6;11;0.000331
14;6;12;0.000361
14;6;13;0.000399
14;6;14;0.000406
14;6;15;0.000434
14;7;1;1.7e-05
14;7;2;1.7e-05
14;7;3;1.7e-05
14;7;4;1.7e-05
14;7;5;1.6e-05
14;7;6;1.8e-05
14;7;7;0.000266
14;7;8;0.000286
14;7;9;0.000311
14;7;10;0.000334
14;7;11;0.000354
14;7;12;0.000382
14;7;13;0.000398
14;7;14;0.000423
14;7;15;0.000437
14;8;1;1.7e-05
14;8;2;1.7e-05
14;8;3;1.7e-05
14;8;4;1.7e-05
14;8;5;1.7e-05
14;8;6;1.7e-05
14;8;7;1.8e-05
14;8;8;0.000304
14;8;9;0.000326
14;8;10;0.000343
14;8;11;0.000372
14;8;12;0.000396
14;8;13;0.000419
14;8;14;0.000453
14;8;15;0.000465
14;9;1;1.7e-05
14;9;2;1.7e-05
14;9;3;1.6e-05
14;9;4;1.7e-05
14;9;5;1.8e-05
14;9;6;1.7e-05
14;9;7;1.8e-05
14;9;8;1.7e-05
14;9;9;0.000359
14;9;10;0.000371
14;9;11;0.000395
14;9;12;0.000416
14;9;13;0.000439
14;9;14;0.000455
14;9;15;0.000478
14;10;1;1.7e-05
14;10;2;1.7e-05
14;10;3;1.8e-05
14;10;4;1.8e-05
14;10;5;1.7e-05
14;10;6;1.7e-05
14;10;7;1.8e-05
14;10;8;1.8e-05
14;10;9;1.8e-05
14;10;10;0.000392
14;10;11;0.000411
14;10;12;0.000433
14;10;13;0.000455
14;10;14;0.000475
14;10;15;0.000504
14;11;1;1.7e-05
14;11;2;1.7e-05
14;11;3;1.6e-05
14;11;4;1.7e-05
14;11;5;1.7e-05
14;11;6;1.7e-05
14;11;7;1.7e-05
14;11;8;1.8e-05
14;11;9;2e-05
14;11;10;1.8e-05
14;11;11;0.00043
14;11;12;0.000448
14;11;13;0.000471
14;11;14;0.000484
14;11;15;0.000517
14;12;1;1.7e-05
14;12;2;1.7e-05
14;12;3;1.7e-05
14;12;4;1.7e-05
14;12;5;1.7e-05
14;12;6;1.7e-05
14;12;7;1.7e-05
14;12;8;1.8e-05
14;12;9;1.8e-05
14;12;10;1.8e-05
14;12;11;1.8e-05
14;12;12;0.000464
14;12;13;0.000488
14;12;14;0.000543
14;12;15;0.000536
14;13;1;1.7e-05
14;13;2;1.7e-05
14;13;3;1.7e-05
14;13;4;1.7e-05
14;13;5;1.7e-05
14;13;6;1.7e-05
14;13;7;1.8e-05
14;13;8;1.8e-05
14;13;9;1.8e-05
14;13;10;1.8e-05
14;13;11;1.8e-05
14;13;12;1.8e-05
14;13;13;0.000513
14;13;14;0.000526
14;13;15;0.000556
14;14;1;1.7e-05
14;14;2;1.7e-05
14;14;3;1.7e-05
14;14;4;1.7e-05
14;14;5;1.7e-05
14;14;6;1.7e-05
14;14;7;1.8e-05
14;14;8;1.8e-05
14;14;9;1.8e-05
14;14;10;1.8e-05
14;14;11;1.8e-05
14;14;12;1.8e-05
14;14;13;1.9e-05
14;14;14;0.000554
14;14;15;0.000564
14;15;1;1.7e-05
14;15;2;1.7e-05
14;15;3;2.6e-05
14;15;4;1.8e-05
14;15;5;1.7e-05
14;15;6;1.8e-05
14;15;7;1.8e-05
14;15;8;1.8e-05
14;15;9;1.8e-05
14;15;10;1.8e-05
14;15;11;1.8e-05
14;15;12;1.8e-05
14;15;13;1.9e-05
14;15;14;1.9e-05
14;15;15;0.00059
15;1;1;3.9e-05
15;1;2;6.1e-05
15;1;3;8.3e-05
15;1;4;0.000105
15;1;5;0.000129
15;1;6;0.000148
15;1;7;0.000168
15;1;8;0.00019
15;1;9;0.000215
15;1;10;0.000235
15;1;11;0.000256
15;1;12;0.000279
15;1;13;0.0003
15;1;14;0.000326
15;1;15;0.000356
15;2;1;1.8e-05
15;2;2;7.9e-05
15;2;3;9.9e-05
15;2;4;0.000123
15;2;5;0.000148
15;2;6;0.000166
15;2;7;0.000188
15;2;8;0.000209
15;2;9;0.000235
15;2;10;0.000256
15;2;11;0.000275
15;2;12;0.000295
15;2;13;0.000317
15;2;14;0.000337
15;2;15;0.000371
15;3;1;1.8e-05
15;3;2;1.8e-05
15;3;3;0.000117
15;3;4;0.000138
15;3;5;0.000164
15;3;6;0.000181
15;3;7;0.000202
15;3;8;0.000227
15;3;9;0.000252
15;3;10;0.000274
15;3;11;0.000294
15;3;12;0.000316
15;3;13;0.000338
15;3;14;0.00036
15;3;15;0.000397
15;4;1;1.8e-05
15;4;2;1.8e-05
15;4;3;1.8e-05
15;4;4;0.000154
15;4;5;0.000177
15;4;6;0.000202
15;4;7;0.000219
15;4;8;0.000242
15;4;9;0.000272
15;4;10;0.000292
15;4;11;0.000314
15;4;12;0.000331
15;4;13;0.000357
15;4;14;0.000379
15;4;15;0.000399
15;5;1;1.8e-05
15;5;2;1.8e-05
15;5;3;1.7e-05
15;5;4;1.8e-05
15;5;5;0.000197
15;5;6;0.000219
15;5;7;0.000241
15;5;8;0.000265
15;5;9;0.000292
15;5;10;0.000312
15;5;11;0.00033
15;5;12;0.000356
15;5;13;0.000378
15;5;14;0.000396
15;5;15;0.000417
15;6;1;1.8e-05
15;6;2;1.8e-05
15;6;3;1.7e-05
15;6;4;1.8e-05
15;6;5;1.8e-05
15;6;6;0.000238
15;6;7;0.00026
15;6;8;0.000281
15;6;9;0.000307
15;6;10;0.000328
15;6;11;0.00035
15;6;12;0.000373
15;6;13;0.000392
15;6;14;0.000409
15;6;15;0.000437
15;7;1;1.7e-05
15;7;2;1.7e-05
15;7;3;1.7e-05
15;7;4;1.8e-05
15;7;5;1.8e-05
15;7;6;1.8e-05
15;7;7;0.000279
15;7;8;0.000308
15;7;9;0.000329
15;7;10;0.000347
15;7;11;0.000365
15;7;12;0.000394
15;7;13;0.000412
15;7;14;0.000437
15;7;15;0.000455
15;8;1;1.8e-05
15;8;2;1.7e-05
15;8;3;1.8e-05
15;8;4;1.8e-05
15;8;5;1.8e-05
15;8;6;1.8e-05
15;8;7;1.8e-05
15;8;8;0.000317
15;8;9;0.000342
15;8;10;0.000361
15;8;11;0.000386
15;8;12;0.000412
15;8;13;0.000431
15;8;14;0.000451
15;8;15;0.000481
15;9;1;1.8e-05
15;9;2;1.7e-05
15;9;3;1.8e-05
15;9;4;1.8e-05
15;9;5;1.7e-05
15;9;6;1.8e-05
15;9;7;1.8e-05
15;9;8;1.8e-05
15;9;9;0.000364
15;9;10;0.000386
15;9;11;0.000405
15;9;12;0.000431
15;9;13;0.000608
15;9;14;0.000757
15;9;15;0.000579
15;10;1;1.8e-05
15;10;2;1.8e-05
15;10;3;1.8e-05
15;10;4;2.4e-05
15;10;5;1.9e-05
15;10;6;2.9e-05
15;10;7;2.5e-05
15;10;8;1.9e-05
15;10;9;1.9e-05
15;10;10;0.000576
15;10;11;0.000462
15;10;12;0.000606
15;10;13;0.0005
15;10;14;0.000525
15;10;15;0.000524
15;11;1;1.9e-05
15;11;2;1.7e-05
15;11;3;1.7e-05
15;11;4;1.8e-05
15;11;5;1.8e-05
15;11;6;1.8e-05
15;11;7;2.6e-05
15;11;8;2e-05
15;11;9;1.9e-05
15;11;10;1.9e-05
15;11;11;0.00045
15;11;12;0.000472
15;11;13;0.000495
15;11;14;0.00052
15;11;15;0.000565
15;12;1;1.8e-05
15;12;2;1.8e-05
15;12;3;1.8e-05
15;12;4;1.8e-05
15;12;5;1.8e-05
15;12;6;1.8e-05
15;12;7;1.9e-05
15;12;8;1.9e-05
15;12;9;1.9e-05
15;12;10;1.9e-05
15;12;11;1.9e-05
15;12;12;0.002246
15;12;13;0.000678
15;12;14;0.00065
15;12;15;0.000605
15;13;1;1.8e-05
15;13;2;1.8e-05
15;13;3;1.8e-05
15;13;4;1.8e-05
15;13;5;1.8e-05
15;13;6;1.8e-05
15;13;7;1.8e-05
15;13;8;1.9e-05
15;13;9;1.9e-05
15;13;10;4.1e-05
15;13;11;2.2e-05
15;13;12;5.7e-05
15;13;13;0.00274
15;13;14;0.001152
15;13;15;0.000686
15;14;1;2e-05
15;14;2;1.8e-05
15;14;3;1.8e-05
15;14;4;1.9e-05
15;14;5;2e-05
15;14;6;1.8e-05
15;14;7;2e-05
15;14;8;2e-05
15;14;9;2e-05
15;14;10;2.4e-05
15;14;11;2e-05
15;14;12;2e-05
15;14;13;2e-05
15;14;14;0.001076
15;14;15;0.000601
15;15;1;1.8e-05
15;15;2;1.7e-05
15;15;3;1.8e-05
15;15;4;1.8e-05
15;15;5;1.8e-05
15;15;6;1.8e-05
15;15;7;1.8e-05
15;15;8;1.9e-05
15;15;9;1.9e-05
15;15;10;1.9e-05
15;15;11;1.9e-05
15;15;12;1.9e-05
15;15;13;2e-05
15;15;14;2e-05
15;15;15;0.00062
